.
├── jest.config.js
├── node_modules
│   ├── @babel
│   │   ├── code-frame
│   │   │   ├── LICENSE
│   │   │   ├── README.md
│   │   │   ├── lib
│   │   │   │   ├── index.js
│   │   │   │   └── index.js.map
│   │   │   └── package.json
│   │   ├── compat-data
│   │   │   ├── LICENSE
│   │   │   ├── README.md
│   │   │   ├── corejs2-built-ins.js
│   │   │   ├── corejs3-shipped-proposals.js
│   │   │   ├── data
│   │   │   │   ├── corejs2-built-ins.json
│   │   │   │   ├── corejs3-shipped-proposals.json
│   │   │   │   ├── native-modules.json
│   │   │   │   ├── overlapping-plugins.json
│   │   │   │   ├── plugin-bugfixes.json
│   │   │   │   └── plugins.json
│   │   │   ├── native-modules.js
│   │   │   ├── overlapping-plugins.js
│   │   │   ├── package.json
│   │   │   ├── plugin-bugfixes.js
│   │   │   └── plugins.js
│   │   ├── core
│   │   │   ├── LICENSE
│   │   │   ├── README.md
│   │   │   ├── lib
│   │   │   │   ├── config
│   │   │   │   │   ├── cache-contexts.js
│   │   │   │   │   ├── cache-contexts.js.map
│   │   │   │   │   ├── caching.js
│   │   │   │   │   ├── caching.js.map
│   │   │   │   │   ├── config-chain.js
│   │   │   │   │   ├── config-chain.js.map
│   │   │   │   │   ├── config-descriptors.js
│   │   │   │   │   ├── config-descriptors.js.map
│   │   │   │   │   ├── files
│   │   │   │   │   │   ├── configuration.js
│   │   │   │   │   │   ├── configuration.js.map
│   │   │   │   │   │   ├── import.cjs
│   │   │   │   │   │   ├── import.cjs.map
│   │   │   │   │   │   ├── index-browser.js
│   │   │   │   │   │   ├── index-browser.js.map
│   │   │   │   │   │   ├── index.js
│   │   │   │   │   │   ├── index.js.map
│   │   │   │   │   │   ├── module-types.js
│   │   │   │   │   │   ├── module-types.js.map
│   │   │   │   │   │   ├── package.js
│   │   │   │   │   │   ├── package.js.map
│   │   │   │   │   │   ├── plugins.js
│   │   │   │   │   │   ├── plugins.js.map
│   │   │   │   │   │   ├── types.js
│   │   │   │   │   │   ├── types.js.map
│   │   │   │   │   │   ├── utils.js
│   │   │   │   │   │   └── utils.js.map
│   │   │   │   │   ├── full.js
│   │   │   │   │   ├── full.js.map
│   │   │   │   │   ├── helpers
│   │   │   │   │   │   ├── config-api.js
│   │   │   │   │   │   ├── config-api.js.map
│   │   │   │   │   │   ├── deep-array.js
│   │   │   │   │   │   ├── deep-array.js.map
│   │   │   │   │   │   ├── environment.js
│   │   │   │   │   │   └── environment.js.map
│   │   │   │   │   ├── index.js
│   │   │   │   │   ├── index.js.map
│   │   │   │   │   ├── item.js
│   │   │   │   │   ├── item.js.map
│   │   │   │   │   ├── partial.js
│   │   │   │   │   ├── partial.js.map
│   │   │   │   │   ├── pattern-to-regex.js
│   │   │   │   │   ├── pattern-to-regex.js.map
│   │   │   │   │   ├── plugin.js
│   │   │   │   │   ├── plugin.js.map
│   │   │   │   │   ├── printer.js
│   │   │   │   │   ├── printer.js.map
│   │   │   │   │   ├── resolve-targets-browser.js
│   │   │   │   │   ├── resolve-targets-browser.js.map
│   │   │   │   │   ├── resolve-targets.js
│   │   │   │   │   ├── resolve-targets.js.map
│   │   │   │   │   ├── util.js
│   │   │   │   │   ├── util.js.map
│   │   │   │   │   └── validation
│   │   │   │   │       ├── option-assertions.js
│   │   │   │   │       ├── option-assertions.js.map
│   │   │   │   │       ├── options.js
│   │   │   │   │       ├── options.js.map
│   │   │   │   │       ├── plugins.js
│   │   │   │   │       ├── plugins.js.map
│   │   │   │   │       ├── removed.js
│   │   │   │   │       └── removed.js.map
│   │   │   │   ├── errors
│   │   │   │   │   ├── config-error.js
│   │   │   │   │   ├── config-error.js.map
│   │   │   │   │   ├── rewrite-stack-trace.js
│   │   │   │   │   └── rewrite-stack-trace.js.map
│   │   │   │   ├── gensync-utils
│   │   │   │   │   ├── async.js
│   │   │   │   │   ├── async.js.map
│   │   │   │   │   ├── fs.js
│   │   │   │   │   ├── fs.js.map
│   │   │   │   │   ├── functional.js
│   │   │   │   │   └── functional.js.map
│   │   │   │   ├── index.js
│   │   │   │   ├── index.js.map
│   │   │   │   ├── parse.js
│   │   │   │   ├── parse.js.map
│   │   │   │   ├── parser
│   │   │   │   │   ├── index.js
│   │   │   │   │   ├── index.js.map
│   │   │   │   │   └── util
│   │   │   │   │       ├── missing-plugin-helper.js
│   │   │   │   │       └── missing-plugin-helper.js.map
│   │   │   │   ├── tools
│   │   │   │   │   ├── build-external-helpers.js
│   │   │   │   │   └── build-external-helpers.js.map
│   │   │   │   ├── transform-ast.js
│   │   │   │   ├── transform-ast.js.map
│   │   │   │   ├── transform-file-browser.js
│   │   │   │   ├── transform-file-browser.js.map
│   │   │   │   ├── transform-file.js
│   │   │   │   ├── transform-file.js.map
│   │   │   │   ├── transform.js
│   │   │   │   ├── transform.js.map
│   │   │   │   ├── transformation
│   │   │   │   │   ├── block-hoist-plugin.js
│   │   │   │   │   ├── block-hoist-plugin.js.map
│   │   │   │   │   ├── file
│   │   │   │   │   │   ├── babel-7-helpers.cjs
│   │   │   │   │   │   ├── babel-7-helpers.cjs.map
│   │   │   │   │   │   ├── file.js
│   │   │   │   │   │   ├── file.js.map
│   │   │   │   │   │   ├── generate.js
│   │   │   │   │   │   ├── generate.js.map
│   │   │   │   │   │   ├── merge-map.js
│   │   │   │   │   │   └── merge-map.js.map
│   │   │   │   │   ├── index.js
│   │   │   │   │   ├── index.js.map
│   │   │   │   │   ├── normalize-file.js
│   │   │   │   │   ├── normalize-file.js.map
│   │   │   │   │   ├── normalize-opts.js
│   │   │   │   │   ├── normalize-opts.js.map
│   │   │   │   │   ├── plugin-pass.js
│   │   │   │   │   ├── plugin-pass.js.map
│   │   │   │   │   └── util
│   │   │   │   │       ├── clone-deep.js
│   │   │   │   │       └── clone-deep.js.map
│   │   │   │   └── vendor
│   │   │   │       ├── import-meta-resolve.js
│   │   │   │       └── import-meta-resolve.js.map
│   │   │   ├── node_modules
│   │   │   │   └── semver
│   │   │   │       ├── LICENSE
│   │   │   │       ├── README.md
│   │   │   │       ├── bin
│   │   │   │       │   └── semver.js
│   │   │   │       ├── package.json
│   │   │   │       ├── range.bnf
│   │   │   │       └── semver.js
│   │   │   ├── package.json
│   │   │   └── src
│   │   │       ├── config
│   │   │       │   ├── files
│   │   │       │   │   ├── index-browser.ts
│   │   │       │   │   └── index.ts
│   │   │       │   ├── resolve-targets-browser.ts
│   │   │       │   └── resolve-targets.ts
│   │   │       ├── transform-file-browser.ts
│   │   │       └── transform-file.ts
│   │   ├── generator
│   │   │   ├── LICENSE
│   │   │   ├── README.md
│   │   │   ├── lib
│   │   │   │   ├── buffer.js
│   │   │   │   ├── buffer.js.map
│   │   │   │   ├── generators
│   │   │   │   │   ├── base.js
│   │   │   │   │   ├── base.js.map
│   │   │   │   │   ├── classes.js
│   │   │   │   │   ├── classes.js.map
│   │   │   │   │   ├── deprecated.js
│   │   │   │   │   ├── deprecated.js.map
│   │   │   │   │   ├── expressions.js
│   │   │   │   │   ├── expressions.js.map
│   │   │   │   │   ├── flow.js
│   │   │   │   │   ├── flow.js.map
│   │   │   │   │   ├── index.js
│   │   │   │   │   ├── index.js.map
│   │   │   │   │   ├── jsx.js
│   │   │   │   │   ├── jsx.js.map
│   │   │   │   │   ├── methods.js
│   │   │   │   │   ├── methods.js.map
│   │   │   │   │   ├── modules.js
│   │   │   │   │   ├── modules.js.map
│   │   │   │   │   ├── statements.js
│   │   │   │   │   ├── statements.js.map
│   │   │   │   │   ├── template-literals.js
│   │   │   │   │   ├── template-literals.js.map
│   │   │   │   │   ├── types.js
│   │   │   │   │   ├── types.js.map
│   │   │   │   │   ├── typescript.js
│   │   │   │   │   └── typescript.js.map
│   │   │   │   ├── index.js
│   │   │   │   ├── index.js.map
│   │   │   │   ├── node
│   │   │   │   │   ├── index.js
│   │   │   │   │   ├── index.js.map
│   │   │   │   │   ├── parentheses.js
│   │   │   │   │   └── parentheses.js.map
│   │   │   │   ├── nodes.js
│   │   │   │   ├── nodes.js.map
│   │   │   │   ├── printer.js
│   │   │   │   ├── printer.js.map
│   │   │   │   ├── source-map.js
│   │   │   │   ├── source-map.js.map
│   │   │   │   ├── token-map.js
│   │   │   │   └── token-map.js.map
│   │   │   └── package.json
│   │   ├── helper-compilation-targets
│   │   │   ├── LICENSE
│   │   │   ├── README.md
│   │   │   ├── lib
│   │   │   │   ├── debug.js
│   │   │   │   ├── debug.js.map
│   │   │   │   ├── filter-items.js
│   │   │   │   ├── filter-items.js.map
│   │   │   │   ├── index.js
│   │   │   │   ├── index.js.map
│   │   │   │   ├── options.js
│   │   │   │   ├── options.js.map
│   │   │   │   ├── pretty.js
│   │   │   │   ├── pretty.js.map
│   │   │   │   ├── targets.js
│   │   │   │   ├── targets.js.map
│   │   │   │   ├── utils.js
│   │   │   │   └── utils.js.map
│   │   │   ├── node_modules
│   │   │   │   └── semver
│   │   │   │       ├── LICENSE
│   │   │   │       ├── README.md
│   │   │   │       ├── bin
│   │   │   │       │   └── semver.js
│   │   │   │       ├── package.json
│   │   │   │       ├── range.bnf
│   │   │   │       └── semver.js
│   │   │   └── package.json
│   │   ├── helper-globals
│   │   │   ├── LICENSE
│   │   │   ├── README.md
│   │   │   ├── data
│   │   │   │   ├── browser-upper.json
│   │   │   │   ├── builtin-lower.json
│   │   │   │   └── builtin-upper.json
│   │   │   └── package.json
│   │   ├── helper-module-imports
│   │   │   ├── LICENSE
│   │   │   ├── README.md
│   │   │   ├── lib
│   │   │   │   ├── import-builder.js
│   │   │   │   ├── import-builder.js.map
│   │   │   │   ├── import-injector.js
│   │   │   │   ├── import-injector.js.map
│   │   │   │   ├── index.js
│   │   │   │   ├── index.js.map
│   │   │   │   ├── is-module.js
│   │   │   │   └── is-module.js.map
│   │   │   └── package.json
│   │   ├── helper-module-transforms
│   │   │   ├── LICENSE
│   │   │   ├── README.md
│   │   │   ├── lib
│   │   │   │   ├── dynamic-import.js
│   │   │   │   ├── dynamic-import.js.map
│   │   │   │   ├── get-module-name.js
│   │   │   │   ├── get-module-name.js.map
│   │   │   │   ├── index.js
│   │   │   │   ├── index.js.map
│   │   │   │   ├── lazy-modules.js
│   │   │   │   ├── lazy-modules.js.map
│   │   │   │   ├── normalize-and-load-metadata.js
│   │   │   │   ├── normalize-and-load-metadata.js.map
│   │   │   │   ├── rewrite-live-references.js
│   │   │   │   ├── rewrite-live-references.js.map
│   │   │   │   ├── rewrite-this.js
│   │   │   │   └── rewrite-this.js.map
│   │   │   └── package.json
│   │   ├── helper-plugin-utils
│   │   │   ├── LICENSE
│   │   │   ├── README.md
│   │   │   ├── lib
│   │   │   │   ├── index.js
│   │   │   │   └── index.js.map
│   │   │   └── package.json
│   │   ├── helper-string-parser
│   │   │   ├── LICENSE
│   │   │   ├── README.md
│   │   │   ├── lib
│   │   │   │   ├── index.js
│   │   │   │   └── index.js.map
│   │   │   └── package.json
│   │   ├── helper-validator-identifier
│   │   │   ├── LICENSE
│   │   │   ├── README.md
│   │   │   ├── lib
│   │   │   │   ├── identifier.js
│   │   │   │   ├── identifier.js.map
│   │   │   │   ├── index.js
│   │   │   │   ├── index.js.map
│   │   │   │   ├── keyword.js
│   │   │   │   └── keyword.js.map
│   │   │   └── package.json
│   │   ├── helper-validator-option
│   │   │   ├── LICENSE
│   │   │   ├── README.md
│   │   │   ├── lib
│   │   │   │   ├── find-suggestion.js
│   │   │   │   ├── find-suggestion.js.map
│   │   │   │   ├── index.js
│   │   │   │   ├── index.js.map
│   │   │   │   ├── validator.js
│   │   │   │   └── validator.js.map
│   │   │   └── package.json
│   │   ├── helpers
│   │   │   ├── LICENSE
│   │   │   ├── README.md
│   │   │   ├── lib
│   │   │   │   ├── helpers
│   │   │   │   │   ├── AwaitValue.js
│   │   │   │   │   ├── AwaitValue.js.map
│   │   │   │   │   ├── OverloadYield.js
│   │   │   │   │   ├── OverloadYield.js.map
│   │   │   │   │   ├── applyDecoratedDescriptor.js
│   │   │   │   │   ├── applyDecoratedDescriptor.js.map
│   │   │   │   │   ├── applyDecs.js
│   │   │   │   │   ├── applyDecs.js.map
│   │   │   │   │   ├── applyDecs2203.js
│   │   │   │   │   ├── applyDecs2203.js.map
│   │   │   │   │   ├── applyDecs2203R.js
│   │   │   │   │   ├── applyDecs2203R.js.map
│   │   │   │   │   ├── applyDecs2301.js
│   │   │   │   │   ├── applyDecs2301.js.map
│   │   │   │   │   ├── applyDecs2305.js
│   │   │   │   │   ├── applyDecs2305.js.map
│   │   │   │   │   ├── applyDecs2311.js
│   │   │   │   │   ├── applyDecs2311.js.map
│   │   │   │   │   ├── arrayLikeToArray.js
│   │   │   │   │   ├── arrayLikeToArray.js.map
│   │   │   │   │   ├── arrayWithHoles.js
│   │   │   │   │   ├── arrayWithHoles.js.map
│   │   │   │   │   ├── arrayWithoutHoles.js
│   │   │   │   │   ├── arrayWithoutHoles.js.map
│   │   │   │   │   ├── assertClassBrand.js
│   │   │   │   │   ├── assertClassBrand.js.map
│   │   │   │   │   ├── assertThisInitialized.js
│   │   │   │   │   ├── assertThisInitialized.js.map
│   │   │   │   │   ├── asyncGeneratorDelegate.js
│   │   │   │   │   ├── asyncGeneratorDelegate.js.map
│   │   │   │   │   ├── asyncIterator.js
│   │   │   │   │   ├── asyncIterator.js.map
│   │   │   │   │   ├── asyncToGenerator.js
│   │   │   │   │   ├── asyncToGenerator.js.map
│   │   │   │   │   ├── awaitAsyncGenerator.js
│   │   │   │   │   ├── awaitAsyncGenerator.js.map
│   │   │   │   │   ├── callSuper.js
│   │   │   │   │   ├── callSuper.js.map
│   │   │   │   │   ├── checkInRHS.js
│   │   │   │   │   ├── checkInRHS.js.map
│   │   │   │   │   ├── checkPrivateRedeclaration.js
│   │   │   │   │   ├── checkPrivateRedeclaration.js.map
│   │   │   │   │   ├── classApplyDescriptorDestructureSet.js
│   │   │   │   │   ├── classApplyDescriptorDestructureSet.js.map
│   │   │   │   │   ├── classApplyDescriptorGet.js
│   │   │   │   │   ├── classApplyDescriptorGet.js.map
│   │   │   │   │   ├── classApplyDescriptorSet.js
│   │   │   │   │   ├── classApplyDescriptorSet.js.map
│   │   │   │   │   ├── classCallCheck.js
│   │   │   │   │   ├── classCallCheck.js.map
│   │   │   │   │   ├── classCheckPrivateStaticAccess.js
│   │   │   │   │   ├── classCheckPrivateStaticAccess.js.map
│   │   │   │   │   ├── classCheckPrivateStaticFieldDescriptor.js
│   │   │   │   │   ├── classCheckPrivateStaticFieldDescriptor.js.map
│   │   │   │   │   ├── classExtractFieldDescriptor.js
│   │   │   │   │   ├── classExtractFieldDescriptor.js.map
│   │   │   │   │   ├── classNameTDZError.js
│   │   │   │   │   ├── classNameTDZError.js.map
│   │   │   │   │   ├── classPrivateFieldDestructureSet.js
│   │   │   │   │   ├── classPrivateFieldDestructureSet.js.map
│   │   │   │   │   ├── classPrivateFieldGet.js
│   │   │   │   │   ├── classPrivateFieldGet.js.map
│   │   │   │   │   ├── classPrivateFieldGet2.js
│   │   │   │   │   ├── classPrivateFieldGet2.js.map
│   │   │   │   │   ├── classPrivateFieldInitSpec.js
│   │   │   │   │   ├── classPrivateFieldInitSpec.js.map
│   │   │   │   │   ├── classPrivateFieldLooseBase.js
│   │   │   │   │   ├── classPrivateFieldLooseBase.js.map
│   │   │   │   │   ├── classPrivateFieldLooseKey.js
│   │   │   │   │   ├── classPrivateFieldLooseKey.js.map
│   │   │   │   │   ├── classPrivateFieldSet.js
│   │   │   │   │   ├── classPrivateFieldSet.js.map
│   │   │   │   │   ├── classPrivateFieldSet2.js
│   │   │   │   │   ├── classPrivateFieldSet2.js.map
│   │   │   │   │   ├── classPrivateGetter.js
│   │   │   │   │   ├── classPrivateGetter.js.map
│   │   │   │   │   ├── classPrivateMethodGet.js
│   │   │   │   │   ├── classPrivateMethodGet.js.map
│   │   │   │   │   ├── classPrivateMethodInitSpec.js
│   │   │   │   │   ├── classPrivateMethodInitSpec.js.map
│   │   │   │   │   ├── classPrivateMethodSet.js
│   │   │   │   │   ├── classPrivateMethodSet.js.map
│   │   │   │   │   ├── classPrivateSetter.js
│   │   │   │   │   ├── classPrivateSetter.js.map
│   │   │   │   │   ├── classStaticPrivateFieldDestructureSet.js
│   │   │   │   │   ├── classStaticPrivateFieldDestructureSet.js.map
│   │   │   │   │   ├── classStaticPrivateFieldSpecGet.js
│   │   │   │   │   ├── classStaticPrivateFieldSpecGet.js.map
│   │   │   │   │   ├── classStaticPrivateFieldSpecSet.js
│   │   │   │   │   ├── classStaticPrivateFieldSpecSet.js.map
│   │   │   │   │   ├── classStaticPrivateMethodGet.js
│   │   │   │   │   ├── classStaticPrivateMethodGet.js.map
│   │   │   │   │   ├── classStaticPrivateMethodSet.js
│   │   │   │   │   ├── classStaticPrivateMethodSet.js.map
│   │   │   │   │   ├── construct.js
│   │   │   │   │   ├── construct.js.map
│   │   │   │   │   ├── createClass.js
│   │   │   │   │   ├── createClass.js.map
│   │   │   │   │   ├── createForOfIteratorHelper.js
│   │   │   │   │   ├── createForOfIteratorHelper.js.map
│   │   │   │   │   ├── createForOfIteratorHelperLoose.js
│   │   │   │   │   ├── createForOfIteratorHelperLoose.js.map
│   │   │   │   │   ├── createSuper.js
│   │   │   │   │   ├── createSuper.js.map
│   │   │   │   │   ├── decorate.js
│   │   │   │   │   ├── decorate.js.map
│   │   │   │   │   ├── defaults.js
│   │   │   │   │   ├── defaults.js.map
│   │   │   │   │   ├── defineAccessor.js
│   │   │   │   │   ├── defineAccessor.js.map
│   │   │   │   │   ├── defineEnumerableProperties.js
│   │   │   │   │   ├── defineEnumerableProperties.js.map
│   │   │   │   │   ├── defineProperty.js
│   │   │   │   │   ├── defineProperty.js.map
│   │   │   │   │   ├── dispose.js
│   │   │   │   │   ├── dispose.js.map
│   │   │   │   │   ├── extends.js
│   │   │   │   │   ├── extends.js.map
│   │   │   │   │   ├── get.js
│   │   │   │   │   ├── get.js.map
│   │   │   │   │   ├── getPrototypeOf.js
│   │   │   │   │   ├── getPrototypeOf.js.map
│   │   │   │   │   ├── identity.js
│   │   │   │   │   ├── identity.js.map
│   │   │   │   │   ├── importDeferProxy.js
│   │   │   │   │   ├── importDeferProxy.js.map
│   │   │   │   │   ├── inherits.js
│   │   │   │   │   ├── inherits.js.map
│   │   │   │   │   ├── inheritsLoose.js
│   │   │   │   │   ├── inheritsLoose.js.map
│   │   │   │   │   ├── initializerDefineProperty.js
│   │   │   │   │   ├── initializerDefineProperty.js.map
│   │   │   │   │   ├── initializerWarningHelper.js
│   │   │   │   │   ├── initializerWarningHelper.js.map
│   │   │   │   │   ├── instanceof.js
│   │   │   │   │   ├── instanceof.js.map
│   │   │   │   │   ├── interopRequireDefault.js
│   │   │   │   │   ├── interopRequireDefault.js.map
│   │   │   │   │   ├── interopRequireWildcard.js
│   │   │   │   │   ├── interopRequireWildcard.js.map
│   │   │   │   │   ├── isNativeFunction.js
│   │   │   │   │   ├── isNativeFunction.js.map
│   │   │   │   │   ├── isNativeReflectConstruct.js
│   │   │   │   │   ├── isNativeReflectConstruct.js.map
│   │   │   │   │   ├── iterableToArray.js
│   │   │   │   │   ├── iterableToArray.js.map
│   │   │   │   │   ├── iterableToArrayLimit.js
│   │   │   │   │   ├── iterableToArrayLimit.js.map
│   │   │   │   │   ├── jsx.js
│   │   │   │   │   ├── jsx.js.map
│   │   │   │   │   ├── maybeArrayLike.js
│   │   │   │   │   ├── maybeArrayLike.js.map
│   │   │   │   │   ├── newArrowCheck.js
│   │   │   │   │   ├── newArrowCheck.js.map
│   │   │   │   │   ├── nonIterableRest.js
│   │   │   │   │   ├── nonIterableRest.js.map
│   │   │   │   │   ├── nonIterableSpread.js
│   │   │   │   │   ├── nonIterableSpread.js.map
│   │   │   │   │   ├── nullishReceiverError.js
│   │   │   │   │   ├── nullishReceiverError.js.map
│   │   │   │   │   ├── objectDestructuringEmpty.js
│   │   │   │   │   ├── objectDestructuringEmpty.js.map
│   │   │   │   │   ├── objectSpread.js
│   │   │   │   │   ├── objectSpread.js.map
│   │   │   │   │   ├── objectSpread2.js
│   │   │   │   │   ├── objectSpread2.js.map
│   │   │   │   │   ├── objectWithoutProperties.js
│   │   │   │   │   ├── objectWithoutProperties.js.map
│   │   │   │   │   ├── objectWithoutPropertiesLoose.js
│   │   │   │   │   ├── objectWithoutPropertiesLoose.js.map
│   │   │   │   │   ├── possibleConstructorReturn.js
│   │   │   │   │   ├── possibleConstructorReturn.js.map
│   │   │   │   │   ├── readOnlyError.js
│   │   │   │   │   ├── readOnlyError.js.map
│   │   │   │   │   ├── regenerator.js
│   │   │   │   │   ├── regenerator.js.map
│   │   │   │   │   ├── regeneratorAsync.js
│   │   │   │   │   ├── regeneratorAsync.js.map
│   │   │   │   │   ├── regeneratorAsyncGen.js
│   │   │   │   │   ├── regeneratorAsyncGen.js.map
│   │   │   │   │   ├── regeneratorAsyncIterator.js
│   │   │   │   │   ├── regeneratorAsyncIterator.js.map
│   │   │   │   │   ├── regeneratorDefine.js
│   │   │   │   │   ├── regeneratorDefine.js.map
│   │   │   │   │   ├── regeneratorKeys.js
│   │   │   │   │   ├── regeneratorKeys.js.map
│   │   │   │   │   ├── regeneratorRuntime.js
│   │   │   │   │   ├── regeneratorRuntime.js.map
│   │   │   │   │   ├── regeneratorValues.js
│   │   │   │   │   ├── regeneratorValues.js.map
│   │   │   │   │   ├── set.js
│   │   │   │   │   ├── set.js.map
│   │   │   │   │   ├── setFunctionName.js
│   │   │   │   │   ├── setFunctionName.js.map
│   │   │   │   │   ├── setPrototypeOf.js
│   │   │   │   │   ├── setPrototypeOf.js.map
│   │   │   │   │   ├── skipFirstGeneratorNext.js
│   │   │   │   │   ├── skipFirstGeneratorNext.js.map
│   │   │   │   │   ├── slicedToArray.js
│   │   │   │   │   ├── slicedToArray.js.map
│   │   │   │   │   ├── superPropBase.js
│   │   │   │   │   ├── superPropBase.js.map
│   │   │   │   │   ├── superPropGet.js
│   │   │   │   │   ├── superPropGet.js.map
│   │   │   │   │   ├── superPropSet.js
│   │   │   │   │   ├── superPropSet.js.map
│   │   │   │   │   ├── taggedTemplateLiteral.js
│   │   │   │   │   ├── taggedTemplateLiteral.js.map
│   │   │   │   │   ├── taggedTemplateLiteralLoose.js
│   │   │   │   │   ├── taggedTemplateLiteralLoose.js.map
│   │   │   │   │   ├── tdz.js
│   │   │   │   │   ├── tdz.js.map
│   │   │   │   │   ├── temporalRef.js
│   │   │   │   │   ├── temporalRef.js.map
│   │   │   │   │   ├── temporalUndefined.js
│   │   │   │   │   ├── temporalUndefined.js.map
│   │   │   │   │   ├── toArray.js
│   │   │   │   │   ├── toArray.js.map
│   │   │   │   │   ├── toConsumableArray.js
│   │   │   │   │   ├── toConsumableArray.js.map
│   │   │   │   │   ├── toPrimitive.js
│   │   │   │   │   ├── toPrimitive.js.map
│   │   │   │   │   ├── toPropertyKey.js
│   │   │   │   │   ├── toPropertyKey.js.map
│   │   │   │   │   ├── toSetter.js
│   │   │   │   │   ├── toSetter.js.map
│   │   │   │   │   ├── tsRewriteRelativeImportExtensions.js
│   │   │   │   │   ├── tsRewriteRelativeImportExtensions.js.map
│   │   │   │   │   ├── typeof.js
│   │   │   │   │   ├── typeof.js.map
│   │   │   │   │   ├── unsupportedIterableToArray.js
│   │   │   │   │   ├── unsupportedIterableToArray.js.map
│   │   │   │   │   ├── using.js
│   │   │   │   │   ├── using.js.map
│   │   │   │   │   ├── usingCtx.js
│   │   │   │   │   ├── usingCtx.js.map
│   │   │   │   │   ├── wrapAsyncGenerator.js
│   │   │   │   │   ├── wrapAsyncGenerator.js.map
│   │   │   │   │   ├── wrapNativeSuper.js
│   │   │   │   │   ├── wrapNativeSuper.js.map
│   │   │   │   │   ├── wrapRegExp.js
│   │   │   │   │   ├── wrapRegExp.js.map
│   │   │   │   │   ├── writeOnlyError.js
│   │   │   │   │   └── writeOnlyError.js.map
│   │   │   │   ├── helpers-generated.js
│   │   │   │   ├── helpers-generated.js.map
│   │   │   │   ├── index.js
│   │   │   │   └── index.js.map
│   │   │   └── package.json
│   │   ├── parser
│   │   │   ├── CHANGELOG.md
│   │   │   ├── LICENSE
│   │   │   ├── README.md
│   │   │   ├── bin
│   │   │   │   └── babel-parser.js
│   │   │   ├── lib
│   │   │   │   ├── index.js
│   │   │   │   └── index.js.map
│   │   │   ├── package.json
│   │   │   └── typings
│   │   │       └── babel-parser.d.ts
│   │   ├── plugin-syntax-async-generators
│   │   │   ├── LICENSE
│   │   │   ├── README.md
│   │   │   ├── lib
│   │   │   │   └── index.js
│   │   │   └── package.json
│   │   ├── plugin-syntax-bigint
│   │   │   ├── LICENSE
│   │   │   ├── README.md
│   │   │   ├── lib
│   │   │   │   └── index.js
│   │   │   └── package.json
│   │   ├── plugin-syntax-class-properties
│   │   │   ├── LICENSE
│   │   │   ├── README.md
│   │   │   ├── lib
│   │   │   │   └── index.js
│   │   │   └── package.json
│   │   ├── plugin-syntax-class-static-block
│   │   │   ├── LICENSE
│   │   │   ├── README.md
│   │   │   ├── lib
│   │   │   │   └── index.js
│   │   │   └── package.json
│   │   ├── plugin-syntax-import-attributes
│   │   │   ├── LICENSE
│   │   │   ├── README.md
│   │   │   ├── lib
│   │   │   │   ├── index.js
│   │   │   │   └── index.js.map
│   │   │   └── package.json
│   │   ├── plugin-syntax-import-meta
│   │   │   ├── LICENSE
│   │   │   ├── README.md
│   │   │   ├── lib
│   │   │   │   └── index.js
│   │   │   └── package.json
│   │   ├── plugin-syntax-json-strings
│   │   │   ├── LICENSE
│   │   │   ├── README.md
│   │   │   ├── lib
│   │   │   │   └── index.js
│   │   │   └── package.json
│   │   ├── plugin-syntax-jsx
│   │   │   ├── LICENSE
│   │   │   ├── README.md
│   │   │   ├── lib
│   │   │   │   ├── index.js
│   │   │   │   └── index.js.map
│   │   │   └── package.json
│   │   ├── plugin-syntax-logical-assignment-operators
│   │   │   ├── LICENSE
│   │   │   ├── README.md
│   │   │   ├── lib
│   │   │   │   └── index.js
│   │   │   └── package.json
│   │   ├── plugin-syntax-nullish-coalescing-operator
│   │   │   ├── LICENSE
│   │   │   ├── README.md
│   │   │   ├── lib
│   │   │   │   └── index.js
│   │   │   └── package.json
│   │   ├── plugin-syntax-numeric-separator
│   │   │   ├── LICENSE
│   │   │   ├── README.md
│   │   │   ├── lib
│   │   │   │   └── index.js
│   │   │   └── package.json
│   │   ├── plugin-syntax-object-rest-spread
│   │   │   ├── LICENSE
│   │   │   ├── README.md
│   │   │   ├── lib
│   │   │   │   └── index.js
│   │   │   └── package.json
│   │   ├── plugin-syntax-optional-catch-binding
│   │   │   ├── LICENSE
│   │   │   ├── README.md
│   │   │   ├── lib
│   │   │   │   └── index.js
│   │   │   └── package.json
│   │   ├── plugin-syntax-optional-chaining
│   │   │   ├── LICENSE
│   │   │   ├── README.md
│   │   │   ├── lib
│   │   │   │   └── index.js
│   │   │   └── package.json
│   │   ├── plugin-syntax-private-property-in-object
│   │   │   ├── LICENSE
│   │   │   ├── README.md
│   │   │   ├── lib
│   │   │   │   └── index.js
│   │   │   └── package.json
│   │   ├── plugin-syntax-top-level-await
│   │   │   ├── LICENSE
│   │   │   ├── README.md
│   │   │   ├── lib
│   │   │   │   └── index.js
│   │   │   └── package.json
│   │   ├── plugin-syntax-typescript
│   │   │   ├── LICENSE
│   │   │   ├── README.md
│   │   │   ├── lib
│   │   │   │   ├── index.js
│   │   │   │   └── index.js.map
│   │   │   └── package.json
│   │   ├── template
│   │   │   ├── LICENSE
│   │   │   ├── README.md
│   │   │   ├── lib
│   │   │   │   ├── builder.js
│   │   │   │   ├── builder.js.map
│   │   │   │   ├── formatters.js
│   │   │   │   ├── formatters.js.map
│   │   │   │   ├── index.js
│   │   │   │   ├── index.js.map
│   │   │   │   ├── literal.js
│   │   │   │   ├── literal.js.map
│   │   │   │   ├── options.js
│   │   │   │   ├── options.js.map
│   │   │   │   ├── parse.js
│   │   │   │   ├── parse.js.map
│   │   │   │   ├── populate.js
│   │   │   │   ├── populate.js.map
│   │   │   │   ├── string.js
│   │   │   │   └── string.js.map
│   │   │   └── package.json
│   │   ├── traverse
│   │   │   ├── LICENSE
│   │   │   ├── README.md
│   │   │   ├── lib
│   │   │   │   ├── cache.js
│   │   │   │   ├── cache.js.map
│   │   │   │   ├── context.js
│   │   │   │   ├── context.js.map
│   │   │   │   ├── hub.js
│   │   │   │   ├── hub.js.map
│   │   │   │   ├── index.js
│   │   │   │   ├── index.js.map
│   │   │   │   ├── path
│   │   │   │   │   ├── ancestry.js
│   │   │   │   │   ├── ancestry.js.map
│   │   │   │   │   ├── comments.js
│   │   │   │   │   ├── comments.js.map
│   │   │   │   │   ├── context.js
│   │   │   │   │   ├── context.js.map
│   │   │   │   │   ├── conversion.js
│   │   │   │   │   ├── conversion.js.map
│   │   │   │   │   ├── evaluation.js
│   │   │   │   │   ├── evaluation.js.map
│   │   │   │   │   ├── family.js
│   │   │   │   │   ├── family.js.map
│   │   │   │   │   ├── index.js
│   │   │   │   │   ├── index.js.map
│   │   │   │   │   ├── inference
│   │   │   │   │   │   ├── index.js
│   │   │   │   │   │   ├── index.js.map
│   │   │   │   │   │   ├── inferer-reference.js
│   │   │   │   │   │   ├── inferer-reference.js.map
│   │   │   │   │   │   ├── inferers.js
│   │   │   │   │   │   ├── inferers.js.map
│   │   │   │   │   │   ├── util.js
│   │   │   │   │   │   └── util.js.map
│   │   │   │   │   ├── introspection.js
│   │   │   │   │   ├── introspection.js.map
│   │   │   │   │   ├── lib
│   │   │   │   │   │   ├── hoister.js
│   │   │   │   │   │   ├── hoister.js.map
│   │   │   │   │   │   ├── removal-hooks.js
│   │   │   │   │   │   ├── removal-hooks.js.map
│   │   │   │   │   │   ├── virtual-types-validator.js
│   │   │   │   │   │   ├── virtual-types-validator.js.map
│   │   │   │   │   │   ├── virtual-types.js
│   │   │   │   │   │   └── virtual-types.js.map
│   │   │   │   │   ├── modification.js
│   │   │   │   │   ├── modification.js.map
│   │   │   │   │   ├── removal.js
│   │   │   │   │   ├── removal.js.map
│   │   │   │   │   ├── replacement.js
│   │   │   │   │   └── replacement.js.map
│   │   │   │   ├── scope
│   │   │   │   │   ├── binding.js
│   │   │   │   │   ├── binding.js.map
│   │   │   │   │   ├── index.js
│   │   │   │   │   ├── index.js.map
│   │   │   │   │   ├── lib
│   │   │   │   │   │   ├── renamer.js
│   │   │   │   │   │   └── renamer.js.map
│   │   │   │   │   ├── traverseForScope.js
│   │   │   │   │   └── traverseForScope.js.map
│   │   │   │   ├── traverse-node.js
│   │   │   │   ├── traverse-node.js.map
│   │   │   │   ├── types.js
│   │   │   │   ├── types.js.map
│   │   │   │   ├── visitors.js
│   │   │   │   └── visitors.js.map
│   │   │   ├── package.json
│   │   │   └── tsconfig.overrides.json
│   │   └── types
│   │       ├── LICENSE
│   │       ├── README.md
│   │       ├── lib
│   │       │   ├── asserts
│   │       │   │   ├── assertNode.js
│   │       │   │   ├── assertNode.js.map
│   │       │   │   └── generated
│   │       │   │       ├── index.js
│   │       │   │       └── index.js.map
│   │       │   ├── ast-types
│   │       │   │   └── generated
│   │       │   │       ├── index.js
│   │       │   │       └── index.js.map
│   │       │   ├── builders
│   │       │   │   ├── flow
│   │       │   │   │   ├── createFlowUnionType.js
│   │       │   │   │   ├── createFlowUnionType.js.map
│   │       │   │   │   ├── createTypeAnnotationBasedOnTypeof.js
│   │       │   │   │   └── createTypeAnnotationBasedOnTypeof.js.map
│   │       │   │   ├── generated
│   │       │   │   │   ├── index.js
│   │       │   │   │   ├── index.js.map
│   │       │   │   │   ├── lowercase.js
│   │       │   │   │   ├── lowercase.js.map
│   │       │   │   │   ├── uppercase.js
│   │       │   │   │   └── uppercase.js.map
│   │       │   │   ├── productions.js
│   │       │   │   ├── productions.js.map
│   │       │   │   ├── react
│   │       │   │   │   ├── buildChildren.js
│   │       │   │   │   └── buildChildren.js.map
│   │       │   │   ├── typescript
│   │       │   │   │   ├── createTSUnionType.js
│   │       │   │   │   └── createTSUnionType.js.map
│   │       │   │   ├── validateNode.js
│   │       │   │   └── validateNode.js.map
│   │       │   ├── clone
│   │       │   │   ├── clone.js
│   │       │   │   ├── clone.js.map
│   │       │   │   ├── cloneDeep.js
│   │       │   │   ├── cloneDeep.js.map
│   │       │   │   ├── cloneDeepWithoutLoc.js
│   │       │   │   ├── cloneDeepWithoutLoc.js.map
│   │       │   │   ├── cloneNode.js
│   │       │   │   ├── cloneNode.js.map
│   │       │   │   ├── cloneWithoutLoc.js
│   │       │   │   └── cloneWithoutLoc.js.map
│   │       │   ├── comments
│   │       │   │   ├── addComment.js
│   │       │   │   ├── addComment.js.map
│   │       │   │   ├── addComments.js
│   │       │   │   ├── addComments.js.map
│   │       │   │   ├── inheritInnerComments.js
│   │       │   │   ├── inheritInnerComments.js.map
│   │       │   │   ├── inheritLeadingComments.js
│   │       │   │   ├── inheritLeadingComments.js.map
│   │       │   │   ├── inheritTrailingComments.js
│   │       │   │   ├── inheritTrailingComments.js.map
│   │       │   │   ├── inheritsComments.js
│   │       │   │   ├── inheritsComments.js.map
│   │       │   │   ├── removeComments.js
│   │       │   │   └── removeComments.js.map
│   │       │   ├── constants
│   │       │   │   ├── generated
│   │       │   │   │   ├── index.js
│   │       │   │   │   └── index.js.map
│   │       │   │   ├── index.js
│   │       │   │   └── index.js.map
│   │       │   ├── converters
│   │       │   │   ├── ensureBlock.js
│   │       │   │   ├── ensureBlock.js.map
│   │       │   │   ├── gatherSequenceExpressions.js
│   │       │   │   ├── gatherSequenceExpressions.js.map
│   │       │   │   ├── toBindingIdentifierName.js
│   │       │   │   ├── toBindingIdentifierName.js.map
│   │       │   │   ├── toBlock.js
│   │       │   │   ├── toBlock.js.map
│   │       │   │   ├── toComputedKey.js
│   │       │   │   ├── toComputedKey.js.map
│   │       │   │   ├── toExpression.js
│   │       │   │   ├── toExpression.js.map
│   │       │   │   ├── toIdentifier.js
│   │       │   │   ├── toIdentifier.js.map
│   │       │   │   ├── toKeyAlias.js
│   │       │   │   ├── toKeyAlias.js.map
│   │       │   │   ├── toSequenceExpression.js
│   │       │   │   ├── toSequenceExpression.js.map
│   │       │   │   ├── toStatement.js
│   │       │   │   ├── toStatement.js.map
│   │       │   │   ├── valueToNode.js
│   │       │   │   └── valueToNode.js.map
│   │       │   ├── definitions
│   │       │   │   ├── core.js
│   │       │   │   ├── core.js.map
│   │       │   │   ├── deprecated-aliases.js
│   │       │   │   ├── deprecated-aliases.js.map
│   │       │   │   ├── experimental.js
│   │       │   │   ├── experimental.js.map
│   │       │   │   ├── flow.js
│   │       │   │   ├── flow.js.map
│   │       │   │   ├── index.js
│   │       │   │   ├── index.js.map
│   │       │   │   ├── jsx.js
│   │       │   │   ├── jsx.js.map
│   │       │   │   ├── misc.js
│   │       │   │   ├── misc.js.map
│   │       │   │   ├── placeholders.js
│   │       │   │   ├── placeholders.js.map
│   │       │   │   ├── typescript.js
│   │       │   │   ├── typescript.js.map
│   │       │   │   ├── utils.js
│   │       │   │   └── utils.js.map
│   │       │   ├── index-legacy.d.ts
│   │       │   ├── index.d.ts
│   │       │   ├── index.js
│   │       │   ├── index.js.flow
│   │       │   ├── index.js.map
│   │       │   ├── modifications
│   │       │   │   ├── appendToMemberExpression.js
│   │       │   │   ├── appendToMemberExpression.js.map
│   │       │   │   ├── flow
│   │       │   │   │   ├── removeTypeDuplicates.js
│   │       │   │   │   └── removeTypeDuplicates.js.map
│   │       │   │   ├── inherits.js
│   │       │   │   ├── inherits.js.map
│   │       │   │   ├── prependToMemberExpression.js
│   │       │   │   ├── prependToMemberExpression.js.map
│   │       │   │   ├── removeProperties.js
│   │       │   │   ├── removeProperties.js.map
│   │       │   │   ├── removePropertiesDeep.js
│   │       │   │   ├── removePropertiesDeep.js.map
│   │       │   │   └── typescript
│   │       │   │       ├── removeTypeDuplicates.js
│   │       │   │       └── removeTypeDuplicates.js.map
│   │       │   ├── retrievers
│   │       │   │   ├── getAssignmentIdentifiers.js
│   │       │   │   ├── getAssignmentIdentifiers.js.map
│   │       │   │   ├── getBindingIdentifiers.js
│   │       │   │   ├── getBindingIdentifiers.js.map
│   │       │   │   ├── getFunctionName.js
│   │       │   │   ├── getFunctionName.js.map
│   │       │   │   ├── getOuterBindingIdentifiers.js
│   │       │   │   └── getOuterBindingIdentifiers.js.map
│   │       │   ├── traverse
│   │       │   │   ├── traverse.js
│   │       │   │   ├── traverse.js.map
│   │       │   │   ├── traverseFast.js
│   │       │   │   └── traverseFast.js.map
│   │       │   ├── utils
│   │       │   │   ├── deprecationWarning.js
│   │       │   │   ├── deprecationWarning.js.map
│   │       │   │   ├── inherit.js
│   │       │   │   ├── inherit.js.map
│   │       │   │   ├── react
│   │       │   │   │   ├── cleanJSXElementLiteralChild.js
│   │       │   │   │   └── cleanJSXElementLiteralChild.js.map
│   │       │   │   ├── shallowEqual.js
│   │       │   │   └── shallowEqual.js.map
│   │       │   └── validators
│   │       │       ├── buildMatchMemberExpression.js
│   │       │       ├── buildMatchMemberExpression.js.map
│   │       │       ├── generated
│   │       │       │   ├── index.js
│   │       │       │   └── index.js.map
│   │       │       ├── is.js
│   │       │       ├── is.js.map
│   │       │       ├── isBinding.js
│   │       │       ├── isBinding.js.map
│   │       │       ├── isBlockScoped.js
│   │       │       ├── isBlockScoped.js.map
│   │       │       ├── isImmutable.js
│   │       │       ├── isImmutable.js.map
│   │       │       ├── isLet.js
│   │       │       ├── isLet.js.map
│   │       │       ├── isNode.js
│   │       │       ├── isNode.js.map
│   │       │       ├── isNodesEquivalent.js
│   │       │       ├── isNodesEquivalent.js.map
│   │       │       ├── isPlaceholderType.js
│   │       │       ├── isPlaceholderType.js.map
│   │       │       ├── isReferenced.js
│   │       │       ├── isReferenced.js.map
│   │       │       ├── isScope.js
│   │       │       ├── isScope.js.map
│   │       │       ├── isSpecifierDefault.js
│   │       │       ├── isSpecifierDefault.js.map
│   │       │       ├── isType.js
│   │       │       ├── isType.js.map
│   │       │       ├── isValidES3Identifier.js
│   │       │       ├── isValidES3Identifier.js.map
│   │       │       ├── isValidIdentifier.js
│   │       │       ├── isValidIdentifier.js.map
│   │       │       ├── isVar.js
│   │       │       ├── isVar.js.map
│   │       │       ├── matchesPattern.js
│   │       │       ├── matchesPattern.js.map
│   │       │       ├── react
│   │       │       │   ├── isCompatTag.js
│   │       │       │   ├── isCompatTag.js.map
│   │       │       │   ├── isReactComponent.js
│   │       │       │   └── isReactComponent.js.map
│   │       │       ├── validate.js
│   │       │       └── validate.js.map
│   │       └── package.json
│   ├── @bcoe
│   │   └── v8-coverage
│   │       ├── CHANGELOG.md
│   │       ├── LICENSE.md
│   │       ├── LICENSE.txt
│   │       ├── README.md
│   │       ├── dist
│   │       │   └── lib
│   │       │       ├── CHANGELOG.md
│   │       │       ├── LICENSE.md
│   │       │       ├── README.md
│   │       │       ├── _src
│   │       │       │   ├── ascii.ts
│   │       │       │   ├── clone.ts
│   │       │       │   ├── compare.ts
│   │       │       │   ├── index.ts
│   │       │       │   ├── merge.ts
│   │       │       │   ├── normalize.ts
│   │       │       │   ├── range-tree.ts
│   │       │       │   └── types.ts
│   │       │       ├── ascii.d.ts
│   │       │       ├── ascii.js
│   │       │       ├── ascii.mjs
│   │       │       ├── clone.d.ts
│   │       │       ├── clone.js
│   │       │       ├── clone.mjs
│   │       │       ├── compare.d.ts
│   │       │       ├── compare.js
│   │       │       ├── compare.mjs
│   │       │       ├── index.d.ts
│   │       │       ├── index.js
│   │       │       ├── index.mjs
│   │       │       ├── merge.d.ts
│   │       │       ├── merge.js
│   │       │       ├── merge.mjs
│   │       │       ├── normalize.d.ts
│   │       │       ├── normalize.js
│   │       │       ├── normalize.mjs
│   │       │       ├── package.json
│   │       │       ├── range-tree.d.ts
│   │       │       ├── range-tree.js
│   │       │       ├── range-tree.mjs
│   │       │       ├── tsconfig.json
│   │       │       ├── types.d.ts
│   │       │       ├── types.js
│   │       │       └── types.mjs
│   │       ├── gulpfile.ts
│   │       ├── package.json
│   │       ├── src
│   │       │   ├── lib
│   │       │   │   ├── ascii.ts
│   │       │   │   ├── clone.ts
│   │       │   │   ├── compare.ts
│   │       │   │   ├── index.ts
│   │       │   │   ├── merge.ts
│   │       │   │   ├── normalize.ts
│   │       │   │   ├── range-tree.ts
│   │       │   │   └── types.ts
│   │       │   └── test
│   │       │       └── merge.spec.ts
│   │       └── tsconfig.json
│   ├── @isaacs
│   │   └── cliui
│   │       ├── LICENSE.txt
│   │       ├── README.md
│   │       ├── build
│   │       │   ├── index.cjs
│   │       │   ├── index.d.cts
│   │       │   └── lib
│   │       │       └── index.js
│   │       ├── index.mjs
│   │       └── package.json
│   ├── @istanbuljs
│   │   ├── load-nyc-config
│   │   │   ├── CHANGELOG.md
│   │   │   ├── LICENSE
│   │   │   ├── README.md
│   │   │   ├── index.js
│   │   │   ├── load-esm.js
│   │   │   └── package.json
│   │   └── schema
│   │       ├── CHANGELOG.md
│   │       ├── LICENSE
│   │       ├── README.md
│   │       ├── default-exclude.js
│   │       ├── default-extension.js
│   │       ├── index.js
│   │       └── package.json
│   ├── @jest
│   │   ├── console
│   │   │   ├── LICENSE
│   │   │   ├── build
│   │   │   │   ├── index.d.ts
│   │   │   │   ├── index.js
│   │   │   │   └── index.mjs
│   │   │   └── package.json
│   │   ├── core
│   │   │   ├── LICENSE
│   │   │   ├── README.md
│   │   │   ├── build
│   │   │   │   ├── index.d.ts
│   │   │   │   ├── index.js
│   │   │   │   └── index.mjs
│   │   │   └── package.json
│   │   ├── diff-sequences
│   │   │   ├── LICENSE
│   │   │   ├── README.md
│   │   │   ├── build
│   │   │   │   ├── index.d.ts
│   │   │   │   ├── index.js
│   │   │   │   └── index.mjs
│   │   │   └── package.json
│   │   ├── environment
│   │   │   ├── LICENSE
│   │   │   ├── build
│   │   │   │   ├── index.d.ts
│   │   │   │   └── index.js
│   │   │   └── package.json
│   │   ├── expect
│   │   │   ├── LICENSE
│   │   │   ├── README.md
│   │   │   ├── build
│   │   │   │   ├── index.d.ts
│   │   │   │   ├── index.js
│   │   │   │   └── index.mjs
│   │   │   └── package.json
│   │   ├── expect-utils
│   │   │   ├── LICENSE
│   │   │   ├── README.md
│   │   │   ├── build
│   │   │   │   ├── index.d.ts
│   │   │   │   ├── index.js
│   │   │   │   └── index.mjs
│   │   │   └── package.json
│   │   ├── fake-timers
│   │   │   ├── LICENSE
│   │   │   ├── build
│   │   │   │   ├── index.d.ts
│   │   │   │   ├── index.js
│   │   │   │   └── index.mjs
│   │   │   └── package.json
│   │   ├── get-type
│   │   │   ├── LICENSE
│   │   │   ├── build
│   │   │   │   ├── index.d.mts
│   │   │   │   ├── index.d.ts
│   │   │   │   ├── index.js
│   │   │   │   └── index.mjs
│   │   │   └── package.json
│   │   ├── globals
│   │   │   ├── LICENSE
│   │   │   ├── build
│   │   │   │   ├── index.d.ts
│   │   │   │   └── index.js
│   │   │   └── package.json
│   │   ├── pattern
│   │   │   ├── LICENSE
│   │   │   ├── README.md
│   │   │   ├── api-extractor.json
│   │   │   ├── build
│   │   │   │   ├── index.d.ts
│   │   │   │   ├── index.js
│   │   │   │   └── index.mjs
│   │   │   ├── package.json
│   │   │   ├── src
│   │   │   │   ├── TestPathPatterns.ts
│   │   │   │   ├── __tests__
│   │   │   │   │   ├── TestPathPatterns.test.ts
│   │   │   │   │   └── __snapshots__
│   │   │   │   │       └── TestPathPatterns.test.ts.snap
│   │   │   │   └── index.ts
│   │   │   └── tsconfig.json
│   │   ├── reporters
│   │   │   ├── LICENSE
│   │   │   ├── assets
│   │   │   │   └── jest_logo.png
│   │   │   ├── build
│   │   │   │   ├── CoverageWorker.js
│   │   │   │   ├── index.d.ts
│   │   │   │   ├── index.js
│   │   │   │   └── index.mjs
│   │   │   └── package.json
│   │   ├── schemas
│   │   │   ├── LICENSE
│   │   │   ├── README.md
│   │   │   ├── build
│   │   │   │   ├── index.d.mts
│   │   │   │   ├── index.d.ts
│   │   │   │   ├── index.js
│   │   │   │   └── index.mjs
│   │   │   └── package.json
│   │   ├── snapshot-utils
│   │   │   ├── LICENSE
│   │   │   ├── api-extractor.json
│   │   │   ├── build
│   │   │   │   ├── index.d.ts
│   │   │   │   ├── index.js
│   │   │   │   └── index.mjs
│   │   │   ├── package.json
│   │   │   ├── src
│   │   │   │   ├── __tests__
│   │   │   │   │   └── utils.test.ts
│   │   │   │   ├── index.ts
│   │   │   │   ├── types.ts
│   │   │   │   └── utils.ts
│   │   │   └── tsconfig.json
│   │   ├── source-map
│   │   │   ├── LICENSE
│   │   │   ├── build
│   │   │   │   ├── index.d.ts
│   │   │   │   ├── index.js
│   │   │   │   └── index.mjs
│   │   │   └── package.json
│   │   ├── test-result
│   │   │   ├── LICENSE
│   │   │   ├── build
│   │   │   │   ├── index.d.ts
│   │   │   │   ├── index.js
│   │   │   │   └── index.mjs
│   │   │   └── package.json
│   │   ├── test-sequencer
│   │   │   ├── LICENSE
│   │   │   ├── build
│   │   │   │   ├── index.d.ts
│   │   │   │   ├── index.js
│   │   │   │   └── index.mjs
│   │   │   └── package.json
│   │   ├── transform
│   │   │   ├── LICENSE
│   │   │   ├── build
│   │   │   │   ├── index.d.ts
│   │   │   │   ├── index.js
│   │   │   │   └── index.mjs
│   │   │   └── package.json
│   │   └── types
│   │       ├── LICENSE
│   │       ├── README.md
│   │       ├── build
│   │       │   ├── index.d.ts
│   │       │   └── index.js
│   │       └── package.json
│   ├── @jridgewell
│   │   ├── gen-mapping
│   │   │   ├── LICENSE
│   │   │   ├── README.md
│   │   │   ├── dist
│   │   │   │   ├── gen-mapping.mjs
│   │   │   │   ├── gen-mapping.mjs.map
│   │   │   │   ├── gen-mapping.umd.js
│   │   │   │   ├── gen-mapping.umd.js.map
│   │   │   │   └── types
│   │   │   │       ├── gen-mapping.d.ts
│   │   │   │       ├── set-array.d.ts
│   │   │   │       ├── sourcemap-segment.d.ts
│   │   │   │       └── types.d.ts
│   │   │   ├── package.json
│   │   │   ├── src
│   │   │   │   ├── gen-mapping.ts
│   │   │   │   ├── set-array.ts
│   │   │   │   ├── sourcemap-segment.ts
│   │   │   │   └── types.ts
│   │   │   └── types
│   │   │       ├── gen-mapping.d.cts
│   │   │       ├── gen-mapping.d.cts.map
│   │   │       ├── gen-mapping.d.mts
│   │   │       ├── gen-mapping.d.mts.map
│   │   │       ├── set-array.d.cts
│   │   │       ├── set-array.d.cts.map
│   │   │       ├── set-array.d.mts
│   │   │       ├── set-array.d.mts.map
│   │   │       ├── sourcemap-segment.d.cts
│   │   │       ├── sourcemap-segment.d.cts.map
│   │   │       ├── sourcemap-segment.d.mts
│   │   │       ├── sourcemap-segment.d.mts.map
│   │   │       ├── types.d.cts
│   │   │       ├── types.d.cts.map
│   │   │       ├── types.d.mts
│   │   │       └── types.d.mts.map
│   │   ├── remapping
│   │   │   ├── LICENSE
│   │   │   ├── README.md
│   │   │   ├── dist
│   │   │   │   ├── remapping.mjs
│   │   │   │   ├── remapping.mjs.map
│   │   │   │   ├── remapping.umd.js
│   │   │   │   └── remapping.umd.js.map
│   │   │   ├── package.json
│   │   │   ├── src
│   │   │   │   ├── build-source-map-tree.ts
│   │   │   │   ├── remapping.ts
│   │   │   │   ├── source-map-tree.ts
│   │   │   │   ├── source-map.ts
│   │   │   │   └── types.ts
│   │   │   └── types
│   │   │       ├── build-source-map-tree.d.cts
│   │   │       ├── build-source-map-tree.d.cts.map
│   │   │       ├── build-source-map-tree.d.mts
│   │   │       ├── build-source-map-tree.d.mts.map
│   │   │       ├── remapping.d.cts
│   │   │       ├── remapping.d.cts.map
│   │   │       ├── remapping.d.mts
│   │   │       ├── remapping.d.mts.map
│   │   │       ├── source-map-tree.d.cts
│   │   │       ├── source-map-tree.d.cts.map
│   │   │       ├── source-map-tree.d.mts
│   │   │       ├── source-map-tree.d.mts.map
│   │   │       ├── source-map.d.cts
│   │   │       ├── source-map.d.cts.map
│   │   │       ├── source-map.d.mts
│   │   │       ├── source-map.d.mts.map
│   │   │       ├── types.d.cts
│   │   │       ├── types.d.cts.map
│   │   │       ├── types.d.mts
│   │   │       └── types.d.mts.map
│   │   ├── resolve-uri
│   │   │   ├── LICENSE
│   │   │   ├── README.md
│   │   │   ├── dist
│   │   │   │   ├── resolve-uri.mjs
│   │   │   │   ├── resolve-uri.mjs.map
│   │   │   │   ├── resolve-uri.umd.js
│   │   │   │   ├── resolve-uri.umd.js.map
│   │   │   │   └── types
│   │   │   │       └── resolve-uri.d.ts
│   │   │   └── package.json
│   │   ├── sourcemap-codec
│   │   │   ├── LICENSE
│   │   │   ├── README.md
│   │   │   ├── dist
│   │   │   │   ├── sourcemap-codec.mjs
│   │   │   │   ├── sourcemap-codec.mjs.map
│   │   │   │   ├── sourcemap-codec.umd.js
│   │   │   │   └── sourcemap-codec.umd.js.map
│   │   │   ├── package.json
│   │   │   ├── src
│   │   │   │   ├── scopes.ts
│   │   │   │   ├── sourcemap-codec.ts
│   │   │   │   ├── strings.ts
│   │   │   │   └── vlq.ts
│   │   │   └── types
│   │   │       ├── scopes.d.cts
│   │   │       ├── scopes.d.cts.map
│   │   │       ├── scopes.d.mts
│   │   │       ├── scopes.d.mts.map
│   │   │       ├── sourcemap-codec.d.cts
│   │   │       ├── sourcemap-codec.d.cts.map
│   │   │       ├── sourcemap-codec.d.mts
│   │   │       ├── sourcemap-codec.d.mts.map
│   │   │       ├── strings.d.cts
│   │   │       ├── strings.d.cts.map
│   │   │       ├── strings.d.mts
│   │   │       ├── strings.d.mts.map
│   │   │       ├── vlq.d.cts
│   │   │       ├── vlq.d.cts.map
│   │   │       ├── vlq.d.mts
│   │   │       └── vlq.d.mts.map
│   │   └── trace-mapping
│   │       ├── LICENSE
│   │       ├── README.md
│   │       ├── dist
│   │       │   ├── trace-mapping.mjs
│   │       │   ├── trace-mapping.mjs.map
│   │       │   ├── trace-mapping.umd.js
│   │       │   └── trace-mapping.umd.js.map
│   │       ├── package.json
│   │       ├── src
│   │       │   ├── binary-search.ts
│   │       │   ├── by-source.ts
│   │       │   ├── flatten-map.ts
│   │       │   ├── resolve.ts
│   │       │   ├── sort.ts
│   │       │   ├── sourcemap-segment.ts
│   │       │   ├── strip-filename.ts
│   │       │   ├── trace-mapping.ts
│   │       │   └── types.ts
│   │       └── types
│   │           ├── binary-search.d.cts
│   │           ├── binary-search.d.cts.map
│   │           ├── binary-search.d.mts
│   │           ├── binary-search.d.mts.map
│   │           ├── by-source.d.cts
│   │           ├── by-source.d.cts.map
│   │           ├── by-source.d.mts
│   │           ├── by-source.d.mts.map
│   │           ├── flatten-map.d.cts
│   │           ├── flatten-map.d.cts.map
│   │           ├── flatten-map.d.mts
│   │           ├── flatten-map.d.mts.map
│   │           ├── resolve.d.cts
│   │           ├── resolve.d.cts.map
│   │           ├── resolve.d.mts
│   │           ├── resolve.d.mts.map
│   │           ├── sort.d.cts
│   │           ├── sort.d.cts.map
│   │           ├── sort.d.mts
│   │           ├── sort.d.mts.map
│   │           ├── sourcemap-segment.d.cts
│   │           ├── sourcemap-segment.d.cts.map
│   │           ├── sourcemap-segment.d.mts
│   │           ├── sourcemap-segment.d.mts.map
│   │           ├── strip-filename.d.cts
│   │           ├── strip-filename.d.cts.map
│   │           ├── strip-filename.d.mts
│   │           ├── strip-filename.d.mts.map
│   │           ├── trace-mapping.d.cts
│   │           ├── trace-mapping.d.cts.map
│   │           ├── trace-mapping.d.mts
│   │           ├── trace-mapping.d.mts.map
│   │           ├── types.d.cts
│   │           ├── types.d.cts.map
│   │           ├── types.d.mts
│   │           └── types.d.mts.map
│   ├── @pkgjs
│   │   └── parseargs
│   │       ├── CHANGELOG.md
│   │       ├── LICENSE
│   │       ├── README.md
│   │       ├── examples
│   │       │   ├── is-default-value.js
│   │       │   ├── limit-long-syntax.js
│   │       │   ├── negate.js
│   │       │   ├── no-repeated-options.js
│   │       │   ├── ordered-options.mjs
│   │       │   └── simple-hard-coded.js
│   │       ├── index.js
│   │       ├── internal
│   │       │   ├── errors.js
│   │       │   ├── primordials.js
│   │       │   ├── util.js
│   │       │   └── validators.js
│   │       ├── package.json
│   │       └── utils.js
│   ├── @pkgr
│   │   └── core
│   │       ├── index.d.cts
│   │       ├── lib
│   │       │   ├── constants.d.ts
│   │       │   ├── constants.js
│   │       │   ├── constants.js.map
│   │       │   ├── helpers.d.ts
│   │       │   ├── helpers.js
│   │       │   ├── helpers.js.map
│   │       │   ├── index.cjs
│   │       │   ├── index.d.ts
│   │       │   ├── index.js
│   │       │   └── index.js.map
│   │       └── package.json
│   ├── @sinclair
│   │   └── typebox
│   │       ├── build
│   │       │   ├── cjs
│   │       │   │   ├── compiler
│   │       │   │   │   ├── compiler.d.ts
│   │       │   │   │   ├── compiler.js
│   │       │   │   │   ├── index.d.ts
│   │       │   │   │   └── index.js
│   │       │   │   ├── errors
│   │       │   │   │   ├── errors.d.ts
│   │       │   │   │   ├── errors.js
│   │       │   │   │   ├── function.d.ts
│   │       │   │   │   ├── function.js
│   │       │   │   │   ├── index.d.ts
│   │       │   │   │   └── index.js
│   │       │   │   ├── index.d.ts
│   │       │   │   ├── index.js
│   │       │   │   ├── parser
│   │       │   │   │   ├── index.d.ts
│   │       │   │   │   ├── index.js
│   │       │   │   │   ├── runtime
│   │       │   │   │   │   ├── guard.d.ts
│   │       │   │   │   │   ├── guard.js
│   │       │   │   │   │   ├── index.d.ts
│   │       │   │   │   │   ├── index.js
│   │       │   │   │   │   ├── module.d.ts
│   │       │   │   │   │   ├── module.js
│   │       │   │   │   │   ├── parse.d.ts
│   │       │   │   │   │   ├── parse.js
│   │       │   │   │   │   ├── token.d.ts
│   │       │   │   │   │   ├── token.js
│   │       │   │   │   │   ├── types.d.ts
│   │       │   │   │   │   └── types.js
│   │       │   │   │   └── static
│   │       │   │   │       ├── index.d.ts
│   │       │   │   │       ├── index.js
│   │       │   │   │       ├── parse.d.ts
│   │       │   │   │       ├── parse.js
│   │       │   │   │       ├── token.d.ts
│   │       │   │   │       ├── token.js
│   │       │   │   │       ├── types.d.ts
│   │       │   │   │       └── types.js
│   │       │   │   ├── syntax
│   │       │   │   │   ├── index.d.ts
│   │       │   │   │   ├── index.js
│   │       │   │   │   ├── mapping.d.ts
│   │       │   │   │   ├── mapping.js
│   │       │   │   │   ├── parser.d.ts
│   │       │   │   │   ├── parser.js
│   │       │   │   │   ├── syntax.d.ts
│   │       │   │   │   └── syntax.js
│   │       │   │   ├── system
│   │       │   │   │   ├── index.d.ts
│   │       │   │   │   ├── index.js
│   │       │   │   │   ├── policy.d.ts
│   │       │   │   │   ├── policy.js
│   │       │   │   │   ├── system.d.ts
│   │       │   │   │   └── system.js
│   │       │   │   ├── type
│   │       │   │   │   ├── any
│   │       │   │   │   │   ├── any.d.ts
│   │       │   │   │   │   ├── any.js
│   │       │   │   │   │   ├── index.d.ts
│   │       │   │   │   │   └── index.js
│   │       │   │   │   ├── argument
│   │       │   │   │   │   ├── argument.d.ts
│   │       │   │   │   │   ├── argument.js
│   │       │   │   │   │   ├── index.d.ts
│   │       │   │   │   │   └── index.js
│   │       │   │   │   ├── array
│   │       │   │   │   │   ├── array.d.ts
│   │       │   │   │   │   ├── array.js
│   │       │   │   │   │   ├── index.d.ts
│   │       │   │   │   │   └── index.js
│   │       │   │   │   ├── async-iterator
│   │       │   │   │   │   ├── async-iterator.d.ts
│   │       │   │   │   │   ├── async-iterator.js
│   │       │   │   │   │   ├── index.d.ts
│   │       │   │   │   │   └── index.js
│   │       │   │   │   ├── awaited
│   │       │   │   │   │   ├── awaited.d.ts
│   │       │   │   │   │   ├── awaited.js
│   │       │   │   │   │   ├── index.d.ts
│   │       │   │   │   │   └── index.js
│   │       │   │   │   ├── bigint
│   │       │   │   │   │   ├── bigint.d.ts
│   │       │   │   │   │   ├── bigint.js
│   │       │   │   │   │   ├── index.d.ts
│   │       │   │   │   │   └── index.js
│   │       │   │   │   ├── boolean
│   │       │   │   │   │   ├── boolean.d.ts
│   │       │   │   │   │   ├── boolean.js
│   │       │   │   │   │   ├── index.d.ts
│   │       │   │   │   │   └── index.js
│   │       │   │   │   ├── clone
│   │       │   │   │   │   ├── index.d.ts
│   │       │   │   │   │   ├── index.js
│   │       │   │   │   │   ├── type.d.ts
│   │       │   │   │   │   ├── type.js
│   │       │   │   │   │   ├── value.d.ts
│   │       │   │   │   │   └── value.js
│   │       │   │   │   ├── composite
│   │       │   │   │   │   ├── composite.d.ts
│   │       │   │   │   │   ├── composite.js
│   │       │   │   │   │   ├── index.d.ts
│   │       │   │   │   │   └── index.js
│   │       │   │   │   ├── computed
│   │       │   │   │   │   ├── computed.d.ts
│   │       │   │   │   │   ├── computed.js
│   │       │   │   │   │   ├── index.d.ts
│   │       │   │   │   │   └── index.js
│   │       │   │   │   ├── const
│   │       │   │   │   │   ├── const.d.ts
│   │       │   │   │   │   ├── const.js
│   │       │   │   │   │   ├── index.d.ts
│   │       │   │   │   │   └── index.js
│   │       │   │   │   ├── constructor
│   │       │   │   │   │   ├── constructor.d.ts
│   │       │   │   │   │   ├── constructor.js
│   │       │   │   │   │   ├── index.d.ts
│   │       │   │   │   │   └── index.js
│   │       │   │   │   ├── constructor-parameters
│   │       │   │   │   │   ├── constructor-parameters.d.ts
│   │       │   │   │   │   ├── constructor-parameters.js
│   │       │   │   │   │   ├── index.d.ts
│   │       │   │   │   │   └── index.js
│   │       │   │   │   ├── create
│   │       │   │   │   │   ├── immutable.d.ts
│   │       │   │   │   │   ├── immutable.js
│   │       │   │   │   │   ├── index.d.ts
│   │       │   │   │   │   ├── index.js
│   │       │   │   │   │   ├── type.d.ts
│   │       │   │   │   │   └── type.js
│   │       │   │   │   ├── date
│   │       │   │   │   │   ├── date.d.ts
│   │       │   │   │   │   ├── date.js
│   │       │   │   │   │   ├── index.d.ts
│   │       │   │   │   │   └── index.js
│   │       │   │   │   ├── discard
│   │       │   │   │   │   ├── discard.d.ts
│   │       │   │   │   │   ├── discard.js
│   │       │   │   │   │   ├── index.d.ts
│   │       │   │   │   │   └── index.js
│   │       │   │   │   ├── enum
│   │       │   │   │   │   ├── enum.d.ts
│   │       │   │   │   │   ├── enum.js
│   │       │   │   │   │   ├── index.d.ts
│   │       │   │   │   │   └── index.js
│   │       │   │   │   ├── error
│   │       │   │   │   │   ├── error.d.ts
│   │       │   │   │   │   ├── error.js
│   │       │   │   │   │   ├── index.d.ts
│   │       │   │   │   │   └── index.js
│   │       │   │   │   ├── exclude
│   │       │   │   │   │   ├── exclude-from-mapped-result.d.ts
│   │       │   │   │   │   ├── exclude-from-mapped-result.js
│   │       │   │   │   │   ├── exclude-from-template-literal.d.ts
│   │       │   │   │   │   ├── exclude-from-template-literal.js
│   │       │   │   │   │   ├── exclude.d.ts
│   │       │   │   │   │   ├── exclude.js
│   │       │   │   │   │   ├── index.d.ts
│   │       │   │   │   │   └── index.js
│   │       │   │   │   ├── extends
│   │       │   │   │   │   ├── extends-check.d.ts
│   │       │   │   │   │   ├── extends-check.js
│   │       │   │   │   │   ├── extends-from-mapped-key.d.ts
│   │       │   │   │   │   ├── extends-from-mapped-key.js
│   │       │   │   │   │   ├── extends-from-mapped-result.d.ts
│   │       │   │   │   │   ├── extends-from-mapped-result.js
│   │       │   │   │   │   ├── extends-undefined.d.ts
│   │       │   │   │   │   ├── extends-undefined.js
│   │       │   │   │   │   ├── extends.d.ts
│   │       │   │   │   │   ├── extends.js
│   │       │   │   │   │   ├── index.d.ts
│   │       │   │   │   │   └── index.js
│   │       │   │   │   ├── extract
│   │       │   │   │   │   ├── extract-from-mapped-result.d.ts
│   │       │   │   │   │   ├── extract-from-mapped-result.js
│   │       │   │   │   │   ├── extract-from-template-literal.d.ts
│   │       │   │   │   │   ├── extract-from-template-literal.js
│   │       │   │   │   │   ├── extract.d.ts
│   │       │   │   │   │   ├── extract.js
│   │       │   │   │   │   ├── index.d.ts
│   │       │   │   │   │   └── index.js
│   │       │   │   │   ├── function
│   │       │   │   │   │   ├── function.d.ts
│   │       │   │   │   │   ├── function.js
│   │       │   │   │   │   ├── index.d.ts
│   │       │   │   │   │   └── index.js
│   │       │   │   │   ├── guard
│   │       │   │   │   │   ├── index.d.ts
│   │       │   │   │   │   ├── index.js
│   │       │   │   │   │   ├── kind.d.ts
│   │       │   │   │   │   ├── kind.js
│   │       │   │   │   │   ├── type.d.ts
│   │       │   │   │   │   ├── type.js
│   │       │   │   │   │   ├── value.d.ts
│   │       │   │   │   │   └── value.js
│   │       │   │   │   ├── helpers
│   │       │   │   │   │   ├── helpers.d.ts
│   │       │   │   │   │   ├── helpers.js
│   │       │   │   │   │   ├── index.d.ts
│   │       │   │   │   │   └── index.js
│   │       │   │   │   ├── index.d.ts
│   │       │   │   │   ├── index.js
│   │       │   │   │   ├── indexed
│   │       │   │   │   │   ├── index.d.ts
│   │       │   │   │   │   ├── index.js
│   │       │   │   │   │   ├── indexed-from-mapped-key.d.ts
│   │       │   │   │   │   ├── indexed-from-mapped-key.js
│   │       │   │   │   │   ├── indexed-from-mapped-result.d.ts
│   │       │   │   │   │   ├── indexed-from-mapped-result.js
│   │       │   │   │   │   ├── indexed-property-keys.d.ts
│   │       │   │   │   │   ├── indexed-property-keys.js
│   │       │   │   │   │   ├── indexed.d.ts
│   │       │   │   │   │   └── indexed.js
│   │       │   │   │   ├── instance-type
│   │       │   │   │   │   ├── index.d.ts
│   │       │   │   │   │   ├── index.js
│   │       │   │   │   │   ├── instance-type.d.ts
│   │       │   │   │   │   └── instance-type.js
│   │       │   │   │   ├── instantiate
│   │       │   │   │   │   ├── index.d.ts
│   │       │   │   │   │   ├── index.js
│   │       │   │   │   │   ├── instantiate.d.ts
│   │       │   │   │   │   └── instantiate.js
│   │       │   │   │   ├── integer
│   │       │   │   │   │   ├── index.d.ts
│   │       │   │   │   │   ├── index.js
│   │       │   │   │   │   ├── integer.d.ts
│   │       │   │   │   │   └── integer.js
│   │       │   │   │   ├── intersect
│   │       │   │   │   │   ├── index.d.ts
│   │       │   │   │   │   ├── index.js
│   │       │   │   │   │   ├── intersect-create.d.ts
│   │       │   │   │   │   ├── intersect-create.js
│   │       │   │   │   │   ├── intersect-evaluated.d.ts
│   │       │   │   │   │   ├── intersect-evaluated.js
│   │       │   │   │   │   ├── intersect-type.d.ts
│   │       │   │   │   │   ├── intersect-type.js
│   │       │   │   │   │   ├── intersect.d.ts
│   │       │   │   │   │   └── intersect.js
│   │       │   │   │   ├── intrinsic
│   │       │   │   │   │   ├── capitalize.d.ts
│   │       │   │   │   │   ├── capitalize.js
│   │       │   │   │   │   ├── index.d.ts
│   │       │   │   │   │   ├── index.js
│   │       │   │   │   │   ├── intrinsic-from-mapped-key.d.ts
│   │       │   │   │   │   ├── intrinsic-from-mapped-key.js
│   │       │   │   │   │   ├── intrinsic.d.ts
│   │       │   │   │   │   ├── intrinsic.js
│   │       │   │   │   │   ├── lowercase.d.ts
│   │       │   │   │   │   ├── lowercase.js
│   │       │   │   │   │   ├── uncapitalize.d.ts
│   │       │   │   │   │   ├── uncapitalize.js
│   │       │   │   │   │   ├── uppercase.d.ts
│   │       │   │   │   │   └── uppercase.js
│   │       │   │   │   ├── iterator
│   │       │   │   │   │   ├── index.d.ts
│   │       │   │   │   │   ├── index.js
│   │       │   │   │   │   ├── iterator.d.ts
│   │       │   │   │   │   └── iterator.js
│   │       │   │   │   ├── keyof
│   │       │   │   │   │   ├── index.d.ts
│   │       │   │   │   │   ├── index.js
│   │       │   │   │   │   ├── keyof-from-mapped-result.d.ts
│   │       │   │   │   │   ├── keyof-from-mapped-result.js
│   │       │   │   │   │   ├── keyof-property-entries.d.ts
│   │       │   │   │   │   ├── keyof-property-entries.js
│   │       │   │   │   │   ├── keyof-property-keys.d.ts
│   │       │   │   │   │   ├── keyof-property-keys.js
│   │       │   │   │   │   ├── keyof.d.ts
│   │       │   │   │   │   └── keyof.js
│   │       │   │   │   ├── literal
│   │       │   │   │   │   ├── index.d.ts
│   │       │   │   │   │   ├── index.js
│   │       │   │   │   │   ├── literal.d.ts
│   │       │   │   │   │   └── literal.js
│   │       │   │   │   ├── mapped
│   │       │   │   │   │   ├── index.d.ts
│   │       │   │   │   │   ├── index.js
│   │       │   │   │   │   ├── mapped-key.d.ts
│   │       │   │   │   │   ├── mapped-key.js
│   │       │   │   │   │   ├── mapped-result.d.ts
│   │       │   │   │   │   ├── mapped-result.js
│   │       │   │   │   │   ├── mapped.d.ts
│   │       │   │   │   │   └── mapped.js
│   │       │   │   │   ├── module
│   │       │   │   │   │   ├── compute.d.ts
│   │       │   │   │   │   ├── compute.js
│   │       │   │   │   │   ├── index.d.ts
│   │       │   │   │   │   ├── index.js
│   │       │   │   │   │   ├── infer.d.ts
│   │       │   │   │   │   ├── infer.js
│   │       │   │   │   │   ├── module.d.ts
│   │       │   │   │   │   └── module.js
│   │       │   │   │   ├── never
│   │       │   │   │   │   ├── index.d.ts
│   │       │   │   │   │   ├── index.js
│   │       │   │   │   │   ├── never.d.ts
│   │       │   │   │   │   └── never.js
│   │       │   │   │   ├── not
│   │       │   │   │   │   ├── index.d.ts
│   │       │   │   │   │   ├── index.js
│   │       │   │   │   │   ├── not.d.ts
│   │       │   │   │   │   └── not.js
│   │       │   │   │   ├── null
│   │       │   │   │   │   ├── index.d.ts
│   │       │   │   │   │   ├── index.js
│   │       │   │   │   │   ├── null.d.ts
│   │       │   │   │   │   └── null.js
│   │       │   │   │   ├── number
│   │       │   │   │   │   ├── index.d.ts
│   │       │   │   │   │   ├── index.js
│   │       │   │   │   │   ├── number.d.ts
│   │       │   │   │   │   └── number.js
│   │       │   │   │   ├── object
│   │       │   │   │   │   ├── index.d.ts
│   │       │   │   │   │   ├── index.js
│   │       │   │   │   │   ├── object.d.ts
│   │       │   │   │   │   └── object.js
│   │       │   │   │   ├── omit
│   │       │   │   │   │   ├── index.d.ts
│   │       │   │   │   │   ├── index.js
│   │       │   │   │   │   ├── omit-from-mapped-key.d.ts
│   │       │   │   │   │   ├── omit-from-mapped-key.js
│   │       │   │   │   │   ├── omit-from-mapped-result.d.ts
│   │       │   │   │   │   ├── omit-from-mapped-result.js
│   │       │   │   │   │   ├── omit.d.ts
│   │       │   │   │   │   └── omit.js
│   │       │   │   │   ├── optional
│   │       │   │   │   │   ├── index.d.ts
│   │       │   │   │   │   ├── index.js
│   │       │   │   │   │   ├── optional-from-mapped-result.d.ts
│   │       │   │   │   │   ├── optional-from-mapped-result.js
│   │       │   │   │   │   ├── optional.d.ts
│   │       │   │   │   │   └── optional.js
│   │       │   │   │   ├── parameters
│   │       │   │   │   │   ├── index.d.ts
│   │       │   │   │   │   ├── index.js
│   │       │   │   │   │   ├── parameters.d.ts
│   │       │   │   │   │   └── parameters.js
│   │       │   │   │   ├── partial
│   │       │   │   │   │   ├── index.d.ts
│   │       │   │   │   │   ├── index.js
│   │       │   │   │   │   ├── partial-from-mapped-result.d.ts
│   │       │   │   │   │   ├── partial-from-mapped-result.js
│   │       │   │   │   │   ├── partial.d.ts
│   │       │   │   │   │   └── partial.js
│   │       │   │   │   ├── patterns
│   │       │   │   │   │   ├── index.d.ts
│   │       │   │   │   │   ├── index.js
│   │       │   │   │   │   ├── patterns.d.ts
│   │       │   │   │   │   └── patterns.js
│   │       │   │   │   ├── pick
│   │       │   │   │   │   ├── index.d.ts
│   │       │   │   │   │   ├── index.js
│   │       │   │   │   │   ├── pick-from-mapped-key.d.ts
│   │       │   │   │   │   ├── pick-from-mapped-key.js
│   │       │   │   │   │   ├── pick-from-mapped-result.d.ts
│   │       │   │   │   │   ├── pick-from-mapped-result.js
│   │       │   │   │   │   ├── pick.d.ts
│   │       │   │   │   │   └── pick.js
│   │       │   │   │   ├── promise
│   │       │   │   │   │   ├── index.d.ts
│   │       │   │   │   │   ├── index.js
│   │       │   │   │   │   ├── promise.d.ts
│   │       │   │   │   │   └── promise.js
│   │       │   │   │   ├── readonly
│   │       │   │   │   │   ├── index.d.ts
│   │       │   │   │   │   ├── index.js
│   │       │   │   │   │   ├── readonly-from-mapped-result.d.ts
│   │       │   │   │   │   ├── readonly-from-mapped-result.js
│   │       │   │   │   │   ├── readonly.d.ts
│   │       │   │   │   │   └── readonly.js
│   │       │   │   │   ├── readonly-optional
│   │       │   │   │   │   ├── index.d.ts
│   │       │   │   │   │   ├── index.js
│   │       │   │   │   │   ├── readonly-optional.d.ts
│   │       │   │   │   │   └── readonly-optional.js
│   │       │   │   │   ├── record
│   │       │   │   │   │   ├── index.d.ts
│   │       │   │   │   │   ├── index.js
│   │       │   │   │   │   ├── record.d.ts
│   │       │   │   │   │   └── record.js
│   │       │   │   │   ├── recursive
│   │       │   │   │   │   ├── index.d.ts
│   │       │   │   │   │   ├── index.js
│   │       │   │   │   │   ├── recursive.d.ts
│   │       │   │   │   │   └── recursive.js
│   │       │   │   │   ├── ref
│   │       │   │   │   │   ├── index.d.ts
│   │       │   │   │   │   ├── index.js
│   │       │   │   │   │   ├── ref.d.ts
│   │       │   │   │   │   └── ref.js
│   │       │   │   │   ├── regexp
│   │       │   │   │   │   ├── index.d.ts
│   │       │   │   │   │   ├── index.js
│   │       │   │   │   │   ├── regexp.d.ts
│   │       │   │   │   │   └── regexp.js
│   │       │   │   │   ├── registry
│   │       │   │   │   │   ├── format.d.ts
│   │       │   │   │   │   ├── format.js
│   │       │   │   │   │   ├── index.d.ts
│   │       │   │   │   │   ├── index.js
│   │       │   │   │   │   ├── type.d.ts
│   │       │   │   │   │   └── type.js
│   │       │   │   │   ├── required
│   │       │   │   │   │   ├── index.d.ts
│   │       │   │   │   │   ├── index.js
│   │       │   │   │   │   ├── required-from-mapped-result.d.ts
│   │       │   │   │   │   ├── required-from-mapped-result.js
│   │       │   │   │   │   ├── required.d.ts
│   │       │   │   │   │   └── required.js
│   │       │   │   │   ├── rest
│   │       │   │   │   │   ├── index.d.ts
│   │       │   │   │   │   ├── index.js
│   │       │   │   │   │   ├── rest.d.ts
│   │       │   │   │   │   └── rest.js
│   │       │   │   │   ├── return-type
│   │       │   │   │   │   ├── index.d.ts
│   │       │   │   │   │   ├── index.js
│   │       │   │   │   │   ├── return-type.d.ts
│   │       │   │   │   │   └── return-type.js
│   │       │   │   │   ├── schema
│   │       │   │   │   │   ├── anyschema.d.ts
│   │       │   │   │   │   ├── anyschema.js
│   │       │   │   │   │   ├── index.d.ts
│   │       │   │   │   │   ├── index.js
│   │       │   │   │   │   ├── schema.d.ts
│   │       │   │   │   │   └── schema.js
│   │       │   │   │   ├── sets
│   │       │   │   │   │   ├── index.d.ts
│   │       │   │   │   │   ├── index.js
│   │       │   │   │   │   ├── set.d.ts
│   │       │   │   │   │   └── set.js
│   │       │   │   │   ├── static
│   │       │   │   │   │   ├── index.d.ts
│   │       │   │   │   │   ├── index.js
│   │       │   │   │   │   ├── static.d.ts
│   │       │   │   │   │   └── static.js
│   │       │   │   │   ├── string
│   │       │   │   │   │   ├── index.d.ts
│   │       │   │   │   │   ├── index.js
│   │       │   │   │   │   ├── string.d.ts
│   │       │   │   │   │   └── string.js
│   │       │   │   │   ├── symbol
│   │       │   │   │   │   ├── index.d.ts
│   │       │   │   │   │   ├── index.js
│   │       │   │   │   │   ├── symbol.d.ts
│   │       │   │   │   │   └── symbol.js
│   │       │   │   │   ├── symbols
│   │       │   │   │   │   ├── index.d.ts
│   │       │   │   │   │   ├── index.js
│   │       │   │   │   │   ├── symbols.d.ts
│   │       │   │   │   │   └── symbols.js
│   │       │   │   │   ├── template-literal
│   │       │   │   │   │   ├── finite.d.ts
│   │       │   │   │   │   ├── finite.js
│   │       │   │   │   │   ├── generate.d.ts
│   │       │   │   │   │   ├── generate.js
│   │       │   │   │   │   ├── index.d.ts
│   │       │   │   │   │   ├── index.js
│   │       │   │   │   │   ├── parse.d.ts
│   │       │   │   │   │   ├── parse.js
│   │       │   │   │   │   ├── pattern.d.ts
│   │       │   │   │   │   ├── pattern.js
│   │       │   │   │   │   ├── syntax.d.ts
│   │       │   │   │   │   ├── syntax.js
│   │       │   │   │   │   ├── template-literal.d.ts
│   │       │   │   │   │   ├── template-literal.js
│   │       │   │   │   │   ├── union.d.ts
│   │       │   │   │   │   └── union.js
│   │       │   │   │   ├── transform
│   │       │   │   │   │   ├── index.d.ts
│   │       │   │   │   │   ├── index.js
│   │       │   │   │   │   ├── transform.d.ts
│   │       │   │   │   │   └── transform.js
│   │       │   │   │   ├── tuple
│   │       │   │   │   │   ├── index.d.ts
│   │       │   │   │   │   ├── index.js
│   │       │   │   │   │   ├── tuple.d.ts
│   │       │   │   │   │   └── tuple.js
│   │       │   │   │   ├── type
│   │       │   │   │   │   ├── index.d.ts
│   │       │   │   │   │   ├── index.js
│   │       │   │   │   │   ├── javascript.d.ts
│   │       │   │   │   │   ├── javascript.js
│   │       │   │   │   │   ├── json.d.ts
│   │       │   │   │   │   ├── json.js
│   │       │   │   │   │   ├── type.d.ts
│   │       │   │   │   │   └── type.js
│   │       │   │   │   ├── uint8array
│   │       │   │   │   │   ├── index.d.ts
│   │       │   │   │   │   ├── index.js
│   │       │   │   │   │   ├── uint8array.d.ts
│   │       │   │   │   │   └── uint8array.js
│   │       │   │   │   ├── undefined
│   │       │   │   │   │   ├── index.d.ts
│   │       │   │   │   │   ├── index.js
│   │       │   │   │   │   ├── undefined.d.ts
│   │       │   │   │   │   └── undefined.js
│   │       │   │   │   ├── union
│   │       │   │   │   │   ├── index.d.ts
│   │       │   │   │   │   ├── index.js
│   │       │   │   │   │   ├── union-create.d.ts
│   │       │   │   │   │   ├── union-create.js
│   │       │   │   │   │   ├── union-evaluated.d.ts
│   │       │   │   │   │   ├── union-evaluated.js
│   │       │   │   │   │   ├── union-type.d.ts
│   │       │   │   │   │   ├── union-type.js
│   │       │   │   │   │   ├── union.d.ts
│   │       │   │   │   │   └── union.js
│   │       │   │   │   ├── unknown
│   │       │   │   │   │   ├── index.d.ts
│   │       │   │   │   │   ├── index.js
│   │       │   │   │   │   ├── unknown.d.ts
│   │       │   │   │   │   └── unknown.js
│   │       │   │   │   ├── unsafe
│   │       │   │   │   │   ├── index.d.ts
│   │       │   │   │   │   ├── index.js
│   │       │   │   │   │   ├── unsafe.d.ts
│   │       │   │   │   │   └── unsafe.js
│   │       │   │   │   └── void
│   │       │   │   │       ├── index.d.ts
│   │       │   │   │       ├── index.js
│   │       │   │   │       ├── void.d.ts
│   │       │   │   │       └── void.js
│   │       │   │   └── value
│   │       │   │       ├── assert
│   │       │   │       │   ├── assert.d.ts
│   │       │   │       │   ├── assert.js
│   │       │   │       │   ├── index.d.ts
│   │       │   │       │   └── index.js
│   │       │   │       ├── cast
│   │       │   │       │   ├── cast.d.ts
│   │       │   │       │   ├── cast.js
│   │       │   │       │   ├── index.d.ts
│   │       │   │       │   └── index.js
│   │       │   │       ├── check
│   │       │   │       │   ├── check.d.ts
│   │       │   │       │   ├── check.js
│   │       │   │       │   ├── index.d.ts
│   │       │   │       │   └── index.js
│   │       │   │       ├── clean
│   │       │   │       │   ├── clean.d.ts
│   │       │   │       │   ├── clean.js
│   │       │   │       │   ├── index.d.ts
│   │       │   │       │   └── index.js
│   │       │   │       ├── clone
│   │       │   │       │   ├── clone.d.ts
│   │       │   │       │   ├── clone.js
│   │       │   │       │   ├── index.d.ts
│   │       │   │       │   └── index.js
│   │       │   │       ├── convert
│   │       │   │       │   ├── convert.d.ts
│   │       │   │       │   ├── convert.js
│   │       │   │       │   ├── index.d.ts
│   │       │   │       │   └── index.js
│   │       │   │       ├── create
│   │       │   │       │   ├── create.d.ts
│   │       │   │       │   ├── create.js
│   │       │   │       │   ├── index.d.ts
│   │       │   │       │   └── index.js
│   │       │   │       ├── decode
│   │       │   │       │   ├── decode.d.ts
│   │       │   │       │   ├── decode.js
│   │       │   │       │   ├── index.d.ts
│   │       │   │       │   └── index.js
│   │       │   │       ├── default
│   │       │   │       │   ├── default.d.ts
│   │       │   │       │   ├── default.js
│   │       │   │       │   ├── index.d.ts
│   │       │   │       │   └── index.js
│   │       │   │       ├── delta
│   │       │   │       │   ├── delta.d.ts
│   │       │   │       │   ├── delta.js
│   │       │   │       │   ├── index.d.ts
│   │       │   │       │   └── index.js
│   │       │   │       ├── deref
│   │       │   │       │   ├── deref.d.ts
│   │       │   │       │   ├── deref.js
│   │       │   │       │   ├── index.d.ts
│   │       │   │       │   └── index.js
│   │       │   │       ├── encode
│   │       │   │       │   ├── encode.d.ts
│   │       │   │       │   ├── encode.js
│   │       │   │       │   ├── index.d.ts
│   │       │   │       │   └── index.js
│   │       │   │       ├── equal
│   │       │   │       │   ├── equal.d.ts
│   │       │   │       │   ├── equal.js
│   │       │   │       │   ├── index.d.ts
│   │       │   │       │   └── index.js
│   │       │   │       ├── guard
│   │       │   │       │   ├── guard.d.ts
│   │       │   │       │   ├── guard.js
│   │       │   │       │   ├── index.d.ts
│   │       │   │       │   └── index.js
│   │       │   │       ├── hash
│   │       │   │       │   ├── hash.d.ts
│   │       │   │       │   ├── hash.js
│   │       │   │       │   ├── index.d.ts
│   │       │   │       │   └── index.js
│   │       │   │       ├── index.d.ts
│   │       │   │       ├── index.js
│   │       │   │       ├── mutate
│   │       │   │       │   ├── index.d.ts
│   │       │   │       │   ├── index.js
│   │       │   │       │   ├── mutate.d.ts
│   │       │   │       │   └── mutate.js
│   │       │   │       ├── parse
│   │       │   │       │   ├── index.d.ts
│   │       │   │       │   ├── index.js
│   │       │   │       │   ├── parse.d.ts
│   │       │   │       │   └── parse.js
│   │       │   │       ├── pointer
│   │       │   │       │   ├── index.d.ts
│   │       │   │       │   ├── index.js
│   │       │   │       │   ├── pointer.d.ts
│   │       │   │       │   └── pointer.js
│   │       │   │       ├── transform
│   │       │   │       │   ├── decode.d.ts
│   │       │   │       │   ├── decode.js
│   │       │   │       │   ├── encode.d.ts
│   │       │   │       │   ├── encode.js
│   │       │   │       │   ├── has.d.ts
│   │       │   │       │   ├── has.js
│   │       │   │       │   ├── index.d.ts
│   │       │   │       │   └── index.js
│   │       │   │       └── value
│   │       │   │           ├── index.d.ts
│   │       │   │           ├── index.js
│   │       │   │           ├── value.d.ts
│   │       │   │           └── value.js
│   │       │   └── esm
│   │       │       ├── compiler
│   │       │       │   ├── compiler.d.mts
│   │       │       │   ├── compiler.mjs
│   │       │       │   ├── index.d.mts
│   │       │       │   └── index.mjs
│   │       │       ├── errors
│   │       │       │   ├── errors.d.mts
│   │       │       │   ├── errors.mjs
│   │       │       │   ├── function.d.mts
│   │       │       │   ├── function.mjs
│   │       │       │   ├── index.d.mts
│   │       │       │   └── index.mjs
│   │       │       ├── index.d.mts
│   │       │       ├── index.mjs
│   │       │       ├── parser
│   │       │       │   ├── index.d.mts
│   │       │       │   ├── index.mjs
│   │       │       │   ├── runtime
│   │       │       │   │   ├── guard.d.mts
│   │       │       │   │   ├── guard.mjs
│   │       │       │   │   ├── index.d.mts
│   │       │       │   │   ├── index.mjs
│   │       │       │   │   ├── module.d.mts
│   │       │       │   │   ├── module.mjs
│   │       │       │   │   ├── parse.d.mts
│   │       │       │   │   ├── parse.mjs
│   │       │       │   │   ├── token.d.mts
│   │       │       │   │   ├── token.mjs
│   │       │       │   │   ├── types.d.mts
│   │       │       │   │   └── types.mjs
│   │       │       │   └── static
│   │       │       │       ├── index.d.mts
│   │       │       │       ├── index.mjs
│   │       │       │       ├── parse.d.mts
│   │       │       │       ├── parse.mjs
│   │       │       │       ├── token.d.mts
│   │       │       │       ├── token.mjs
│   │       │       │       ├── types.d.mts
│   │       │       │       └── types.mjs
│   │       │       ├── syntax
│   │       │       │   ├── index.d.mts
│   │       │       │   ├── index.mjs
│   │       │       │   ├── mapping.d.mts
│   │       │       │   ├── mapping.mjs
│   │       │       │   ├── parser.d.mts
│   │       │       │   ├── parser.mjs
│   │       │       │   ├── syntax.d.mts
│   │       │       │   └── syntax.mjs
│   │       │       ├── system
│   │       │       │   ├── index.d.mts
│   │       │       │   ├── index.mjs
│   │       │       │   ├── policy.d.mts
│   │       │       │   ├── policy.mjs
│   │       │       │   ├── system.d.mts
│   │       │       │   └── system.mjs
│   │       │       ├── type
│   │       │       │   ├── any
│   │       │       │   │   ├── any.d.mts
│   │       │       │   │   ├── any.mjs
│   │       │       │   │   ├── index.d.mts
│   │       │       │   │   └── index.mjs
│   │       │       │   ├── argument
│   │       │       │   │   ├── argument.d.mts
│   │       │       │   │   ├── argument.mjs
│   │       │       │   │   ├── index.d.mts
│   │       │       │   │   └── index.mjs
│   │       │       │   ├── array
│   │       │       │   │   ├── array.d.mts
│   │       │       │   │   ├── array.mjs
│   │       │       │   │   ├── index.d.mts
│   │       │       │   │   └── index.mjs
│   │       │       │   ├── async-iterator
│   │       │       │   │   ├── async-iterator.d.mts
│   │       │       │   │   ├── async-iterator.mjs
│   │       │       │   │   ├── index.d.mts
│   │       │       │   │   └── index.mjs
│   │       │       │   ├── awaited
│   │       │       │   │   ├── awaited.d.mts
│   │       │       │   │   ├── awaited.mjs
│   │       │       │   │   ├── index.d.mts
│   │       │       │   │   └── index.mjs
│   │       │       │   ├── bigint
│   │       │       │   │   ├── bigint.d.mts
│   │       │       │   │   ├── bigint.mjs
│   │       │       │   │   ├── index.d.mts
│   │       │       │   │   └── index.mjs
│   │       │       │   ├── boolean
│   │       │       │   │   ├── boolean.d.mts
│   │       │       │   │   ├── boolean.mjs
│   │       │       │   │   ├── index.d.mts
│   │       │       │   │   └── index.mjs
│   │       │       │   ├── clone
│   │       │       │   │   ├── index.d.mts
│   │       │       │   │   ├── index.mjs
│   │       │       │   │   ├── type.d.mts
│   │       │       │   │   ├── type.mjs
│   │       │       │   │   ├── value.d.mts
│   │       │       │   │   └── value.mjs
│   │       │       │   ├── composite
│   │       │       │   │   ├── composite.d.mts
│   │       │       │   │   ├── composite.mjs
│   │       │       │   │   ├── index.d.mts
│   │       │       │   │   └── index.mjs
│   │       │       │   ├── computed
│   │       │       │   │   ├── computed.d.mts
│   │       │       │   │   ├── computed.mjs
│   │       │       │   │   ├── index.d.mts
│   │       │       │   │   └── index.mjs
│   │       │       │   ├── const
│   │       │       │   │   ├── const.d.mts
│   │       │       │   │   ├── const.mjs
│   │       │       │   │   ├── index.d.mts
│   │       │       │   │   └── index.mjs
│   │       │       │   ├── constructor
│   │       │       │   │   ├── constructor.d.mts
│   │       │       │   │   ├── constructor.mjs
│   │       │       │   │   ├── index.d.mts
│   │       │       │   │   └── index.mjs
│   │       │       │   ├── constructor-parameters
│   │       │       │   │   ├── constructor-parameters.d.mts
│   │       │       │   │   ├── constructor-parameters.mjs
│   │       │       │   │   ├── index.d.mts
│   │       │       │   │   └── index.mjs
│   │       │       │   ├── create
│   │       │       │   │   ├── immutable.d.mts
│   │       │       │   │   ├── immutable.mjs
│   │       │       │   │   ├── index.d.mts
│   │       │       │   │   ├── index.mjs
│   │       │       │   │   ├── type.d.mts
│   │       │       │   │   └── type.mjs
│   │       │       │   ├── date
│   │       │       │   │   ├── date.d.mts
│   │       │       │   │   ├── date.mjs
│   │       │       │   │   ├── index.d.mts
│   │       │       │   │   └── index.mjs
│   │       │       │   ├── discard
│   │       │       │   │   ├── discard.d.mts
│   │       │       │   │   ├── discard.mjs
│   │       │       │   │   ├── index.d.mts
│   │       │       │   │   └── index.mjs
│   │       │       │   ├── enum
│   │       │       │   │   ├── enum.d.mts
│   │       │       │   │   ├── enum.mjs
│   │       │       │   │   ├── index.d.mts
│   │       │       │   │   └── index.mjs
│   │       │       │   ├── error
│   │       │       │   │   ├── error.d.mts
│   │       │       │   │   ├── error.mjs
│   │       │       │   │   ├── index.d.mts
│   │       │       │   │   └── index.mjs
│   │       │       │   ├── exclude
│   │       │       │   │   ├── exclude-from-mapped-result.d.mts
│   │       │       │   │   ├── exclude-from-mapped-result.mjs
│   │       │       │   │   ├── exclude-from-template-literal.d.mts
│   │       │       │   │   ├── exclude-from-template-literal.mjs
│   │       │       │   │   ├── exclude.d.mts
│   │       │       │   │   ├── exclude.mjs
│   │       │       │   │   ├── index.d.mts
│   │       │       │   │   └── index.mjs
│   │       │       │   ├── extends
│   │       │       │   │   ├── extends-check.d.mts
│   │       │       │   │   ├── extends-check.mjs
│   │       │       │   │   ├── extends-from-mapped-key.d.mts
│   │       │       │   │   ├── extends-from-mapped-key.mjs
│   │       │       │   │   ├── extends-from-mapped-result.d.mts
│   │       │       │   │   ├── extends-from-mapped-result.mjs
│   │       │       │   │   ├── extends-undefined.d.mts
│   │       │       │   │   ├── extends-undefined.mjs
│   │       │       │   │   ├── extends.d.mts
│   │       │       │   │   ├── extends.mjs
│   │       │       │   │   ├── index.d.mts
│   │       │       │   │   └── index.mjs
│   │       │       │   ├── extract
│   │       │       │   │   ├── extract-from-mapped-result.d.mts
│   │       │       │   │   ├── extract-from-mapped-result.mjs
│   │       │       │   │   ├── extract-from-template-literal.d.mts
│   │       │       │   │   ├── extract-from-template-literal.mjs
│   │       │       │   │   ├── extract.d.mts
│   │       │       │   │   ├── extract.mjs
│   │       │       │   │   ├── index.d.mts
│   │       │       │   │   └── index.mjs
│   │       │       │   ├── function
│   │       │       │   │   ├── function.d.mts
│   │       │       │   │   ├── function.mjs
│   │       │       │   │   ├── index.d.mts
│   │       │       │   │   └── index.mjs
│   │       │       │   ├── guard
│   │       │       │   │   ├── index.d.mts
│   │       │       │   │   ├── index.mjs
│   │       │       │   │   ├── kind.d.mts
│   │       │       │   │   ├── kind.mjs
│   │       │       │   │   ├── type.d.mts
│   │       │       │   │   ├── type.mjs
│   │       │       │   │   ├── value.d.mts
│   │       │       │   │   └── value.mjs
│   │       │       │   ├── helpers
│   │       │       │   │   ├── helpers.d.mts
│   │       │       │   │   ├── helpers.mjs
│   │       │       │   │   ├── index.d.mts
│   │       │       │   │   └── index.mjs
│   │       │       │   ├── index.d.mts
│   │       │       │   ├── index.mjs
│   │       │       │   ├── indexed
│   │       │       │   │   ├── index.d.mts
│   │       │       │   │   ├── index.mjs
│   │       │       │   │   ├── indexed-from-mapped-key.d.mts
│   │       │       │   │   ├── indexed-from-mapped-key.mjs
│   │       │       │   │   ├── indexed-from-mapped-result.d.mts
│   │       │       │   │   ├── indexed-from-mapped-result.mjs
│   │       │       │   │   ├── indexed-property-keys.d.mts
│   │       │       │   │   ├── indexed-property-keys.mjs
│   │       │       │   │   ├── indexed.d.mts
│   │       │       │   │   └── indexed.mjs
│   │       │       │   ├── instance-type
│   │       │       │   │   ├── index.d.mts
│   │       │       │   │   ├── index.mjs
│   │       │       │   │   ├── instance-type.d.mts
│   │       │       │   │   └── instance-type.mjs
│   │       │       │   ├── instantiate
│   │       │       │   │   ├── index.d.mts
│   │       │       │   │   ├── index.mjs
│   │       │       │   │   ├── instantiate.d.mts
│   │       │       │   │   └── instantiate.mjs
│   │       │       │   ├── integer
│   │       │       │   │   ├── index.d.mts
│   │       │       │   │   ├── index.mjs
│   │       │       │   │   ├── integer.d.mts
│   │       │       │   │   └── integer.mjs
│   │       │       │   ├── intersect
│   │       │       │   │   ├── index.d.mts
│   │       │       │   │   ├── index.mjs
│   │       │       │   │   ├── intersect-create.d.mts
│   │       │       │   │   ├── intersect-create.mjs
│   │       │       │   │   ├── intersect-evaluated.d.mts
│   │       │       │   │   ├── intersect-evaluated.mjs
│   │       │       │   │   ├── intersect-type.d.mts
│   │       │       │   │   ├── intersect-type.mjs
│   │       │       │   │   ├── intersect.d.mts
│   │       │       │   │   └── intersect.mjs
│   │       │       │   ├── intrinsic
│   │       │       │   │   ├── capitalize.d.mts
│   │       │       │   │   ├── capitalize.mjs
│   │       │       │   │   ├── index.d.mts
│   │       │       │   │   ├── index.mjs
│   │       │       │   │   ├── intrinsic-from-mapped-key.d.mts
│   │       │       │   │   ├── intrinsic-from-mapped-key.mjs
│   │       │       │   │   ├── intrinsic.d.mts
│   │       │       │   │   ├── intrinsic.mjs
│   │       │       │   │   ├── lowercase.d.mts
│   │       │       │   │   ├── lowercase.mjs
│   │       │       │   │   ├── uncapitalize.d.mts
│   │       │       │   │   ├── uncapitalize.mjs
│   │       │       │   │   ├── uppercase.d.mts
│   │       │       │   │   └── uppercase.mjs
│   │       │       │   ├── iterator
│   │       │       │   │   ├── index.d.mts
│   │       │       │   │   ├── index.mjs
│   │       │       │   │   ├── iterator.d.mts
│   │       │       │   │   └── iterator.mjs
│   │       │       │   ├── keyof
│   │       │       │   │   ├── index.d.mts
│   │       │       │   │   ├── index.mjs
│   │       │       │   │   ├── keyof-from-mapped-result.d.mts
│   │       │       │   │   ├── keyof-from-mapped-result.mjs
│   │       │       │   │   ├── keyof-property-entries.d.mts
│   │       │       │   │   ├── keyof-property-entries.mjs
│   │       │       │   │   ├── keyof-property-keys.d.mts
│   │       │       │   │   ├── keyof-property-keys.mjs
│   │       │       │   │   ├── keyof.d.mts
│   │       │       │   │   └── keyof.mjs
│   │       │       │   ├── literal
│   │       │       │   │   ├── index.d.mts
│   │       │       │   │   ├── index.mjs
│   │       │       │   │   ├── literal.d.mts
│   │       │       │   │   └── literal.mjs
│   │       │       │   ├── mapped
│   │       │       │   │   ├── index.d.mts
│   │       │       │   │   ├── index.mjs
│   │       │       │   │   ├── mapped-key.d.mts
│   │       │       │   │   ├── mapped-key.mjs
│   │       │       │   │   ├── mapped-result.d.mts
│   │       │       │   │   ├── mapped-result.mjs
│   │       │       │   │   ├── mapped.d.mts
│   │       │       │   │   └── mapped.mjs
│   │       │       │   ├── module
│   │       │       │   │   ├── compute.d.mts
│   │       │       │   │   ├── compute.mjs
│   │       │       │   │   ├── index.d.mts
│   │       │       │   │   ├── index.mjs
│   │       │       │   │   ├── infer.d.mts
│   │       │       │   │   ├── infer.mjs
│   │       │       │   │   ├── module.d.mts
│   │       │       │   │   └── module.mjs
│   │       │       │   ├── never
│   │       │       │   │   ├── index.d.mts
│   │       │       │   │   ├── index.mjs
│   │       │       │   │   ├── never.d.mts
│   │       │       │   │   └── never.mjs
│   │       │       │   ├── not
│   │       │       │   │   ├── index.d.mts
│   │       │       │   │   ├── index.mjs
│   │       │       │   │   ├── not.d.mts
│   │       │       │   │   └── not.mjs
│   │       │       │   ├── null
│   │       │       │   │   ├── index.d.mts
│   │       │       │   │   ├── index.mjs
│   │       │       │   │   ├── null.d.mts
│   │       │       │   │   └── null.mjs
│   │       │       │   ├── number
│   │       │       │   │   ├── index.d.mts
│   │       │       │   │   ├── index.mjs
│   │       │       │   │   ├── number.d.mts
│   │       │       │   │   └── number.mjs
│   │       │       │   ├── object
│   │       │       │   │   ├── index.d.mts
│   │       │       │   │   ├── index.mjs
│   │       │       │   │   ├── object.d.mts
│   │       │       │   │   └── object.mjs
│   │       │       │   ├── omit
│   │       │       │   │   ├── index.d.mts
│   │       │       │   │   ├── index.mjs
│   │       │       │   │   ├── omit-from-mapped-key.d.mts
│   │       │       │   │   ├── omit-from-mapped-key.mjs
│   │       │       │   │   ├── omit-from-mapped-result.d.mts
│   │       │       │   │   ├── omit-from-mapped-result.mjs
│   │       │       │   │   ├── omit.d.mts
│   │       │       │   │   └── omit.mjs
│   │       │       │   ├── optional
│   │       │       │   │   ├── index.d.mts
│   │       │       │   │   ├── index.mjs
│   │       │       │   │   ├── optional-from-mapped-result.d.mts
│   │       │       │   │   ├── optional-from-mapped-result.mjs
│   │       │       │   │   ├── optional.d.mts
│   │       │       │   │   └── optional.mjs
│   │       │       │   ├── parameters
│   │       │       │   │   ├── index.d.mts
│   │       │       │   │   ├── index.mjs
│   │       │       │   │   ├── parameters.d.mts
│   │       │       │   │   └── parameters.mjs
│   │       │       │   ├── partial
│   │       │       │   │   ├── index.d.mts
│   │       │       │   │   ├── index.mjs
│   │       │       │   │   ├── partial-from-mapped-result.d.mts
│   │       │       │   │   ├── partial-from-mapped-result.mjs
│   │       │       │   │   ├── partial.d.mts
│   │       │       │   │   └── partial.mjs
│   │       │       │   ├── patterns
│   │       │       │   │   ├── index.d.mts
│   │       │       │   │   ├── index.mjs
│   │       │       │   │   ├── patterns.d.mts
│   │       │       │   │   └── patterns.mjs
│   │       │       │   ├── pick
│   │       │       │   │   ├── index.d.mts
│   │       │       │   │   ├── index.mjs
│   │       │       │   │   ├── pick-from-mapped-key.d.mts
│   │       │       │   │   ├── pick-from-mapped-key.mjs
│   │       │       │   │   ├── pick-from-mapped-result.d.mts
│   │       │       │   │   ├── pick-from-mapped-result.mjs
│   │       │       │   │   ├── pick.d.mts
│   │       │       │   │   └── pick.mjs
│   │       │       │   ├── promise
│   │       │       │   │   ├── index.d.mts
│   │       │       │   │   ├── index.mjs
│   │       │       │   │   ├── promise.d.mts
│   │       │       │   │   └── promise.mjs
│   │       │       │   ├── readonly
│   │       │       │   │   ├── index.d.mts
│   │       │       │   │   ├── index.mjs
│   │       │       │   │   ├── readonly-from-mapped-result.d.mts
│   │       │       │   │   ├── readonly-from-mapped-result.mjs
│   │       │       │   │   ├── readonly.d.mts
│   │       │       │   │   └── readonly.mjs
│   │       │       │   ├── readonly-optional
│   │       │       │   │   ├── index.d.mts
│   │       │       │   │   ├── index.mjs
│   │       │       │   │   ├── readonly-optional.d.mts
│   │       │       │   │   └── readonly-optional.mjs
│   │       │       │   ├── record
│   │       │       │   │   ├── index.d.mts
│   │       │       │   │   ├── index.mjs
│   │       │       │   │   ├── record.d.mts
│   │       │       │   │   └── record.mjs
│   │       │       │   ├── recursive
│   │       │       │   │   ├── index.d.mts
│   │       │       │   │   ├── index.mjs
│   │       │       │   │   ├── recursive.d.mts
│   │       │       │   │   └── recursive.mjs
│   │       │       │   ├── ref
│   │       │       │   │   ├── index.d.mts
│   │       │       │   │   ├── index.mjs
│   │       │       │   │   ├── ref.d.mts
│   │       │       │   │   └── ref.mjs
│   │       │       │   ├── regexp
│   │       │       │   │   ├── index.d.mts
│   │       │       │   │   ├── index.mjs
│   │       │       │   │   ├── regexp.d.mts
│   │       │       │   │   └── regexp.mjs
│   │       │       │   ├── registry
│   │       │       │   │   ├── format.d.mts
│   │       │       │   │   ├── format.mjs
│   │       │       │   │   ├── index.d.mts
│   │       │       │   │   ├── index.mjs
│   │       │       │   │   ├── type.d.mts
│   │       │       │   │   └── type.mjs
│   │       │       │   ├── required
│   │       │       │   │   ├── index.d.mts
│   │       │       │   │   ├── index.mjs
│   │       │       │   │   ├── required-from-mapped-result.d.mts
│   │       │       │   │   ├── required-from-mapped-result.mjs
│   │       │       │   │   ├── required.d.mts
│   │       │       │   │   └── required.mjs
│   │       │       │   ├── rest
│   │       │       │   │   ├── index.d.mts
│   │       │       │   │   ├── index.mjs
│   │       │       │   │   ├── rest.d.mts
│   │       │       │   │   └── rest.mjs
│   │       │       │   ├── return-type
│   │       │       │   │   ├── index.d.mts
│   │       │       │   │   ├── index.mjs
│   │       │       │   │   ├── return-type.d.mts
│   │       │       │   │   └── return-type.mjs
│   │       │       │   ├── schema
│   │       │       │   │   ├── anyschema.d.mts
│   │       │       │   │   ├── anyschema.mjs
│   │       │       │   │   ├── index.d.mts
│   │       │       │   │   ├── index.mjs
│   │       │       │   │   ├── schema.d.mts
│   │       │       │   │   └── schema.mjs
│   │       │       │   ├── sets
│   │       │       │   │   ├── index.d.mts
│   │       │       │   │   ├── index.mjs
│   │       │       │   │   ├── set.d.mts
│   │       │       │   │   └── set.mjs
│   │       │       │   ├── static
│   │       │       │   │   ├── index.d.mts
│   │       │       │   │   ├── index.mjs
│   │       │       │   │   ├── static.d.mts
│   │       │       │   │   └── static.mjs
│   │       │       │   ├── string
│   │       │       │   │   ├── index.d.mts
│   │       │       │   │   ├── index.mjs
│   │       │       │   │   ├── string.d.mts
│   │       │       │   │   └── string.mjs
│   │       │       │   ├── symbol
│   │       │       │   │   ├── index.d.mts
│   │       │       │   │   ├── index.mjs
│   │       │       │   │   ├── symbol.d.mts
│   │       │       │   │   └── symbol.mjs
│   │       │       │   ├── symbols
│   │       │       │   │   ├── index.d.mts
│   │       │       │   │   ├── index.mjs
│   │       │       │   │   ├── symbols.d.mts
│   │       │       │   │   └── symbols.mjs
│   │       │       │   ├── template-literal
│   │       │       │   │   ├── finite.d.mts
│   │       │       │   │   ├── finite.mjs
│   │       │       │   │   ├── generate.d.mts
│   │       │       │   │   ├── generate.mjs
│   │       │       │   │   ├── index.d.mts
│   │       │       │   │   ├── index.mjs
│   │       │       │   │   ├── parse.d.mts
│   │       │       │   │   ├── parse.mjs
│   │       │       │   │   ├── pattern.d.mts
│   │       │       │   │   ├── pattern.mjs
│   │       │       │   │   ├── syntax.d.mts
│   │       │       │   │   ├── syntax.mjs
│   │       │       │   │   ├── template-literal.d.mts
│   │       │       │   │   ├── template-literal.mjs
│   │       │       │   │   ├── union.d.mts
│   │       │       │   │   └── union.mjs
│   │       │       │   ├── transform
│   │       │       │   │   ├── index.d.mts
│   │       │       │   │   ├── index.mjs
│   │       │       │   │   ├── transform.d.mts
│   │       │       │   │   └── transform.mjs
│   │       │       │   ├── tuple
│   │       │       │   │   ├── index.d.mts
│   │       │       │   │   ├── index.mjs
│   │       │       │   │   ├── tuple.d.mts
│   │       │       │   │   └── tuple.mjs
│   │       │       │   ├── type
│   │       │       │   │   ├── index.d.mts
│   │       │       │   │   ├── index.mjs
│   │       │       │   │   ├── javascript.d.mts
│   │       │       │   │   ├── javascript.mjs
│   │       │       │   │   ├── json.d.mts
│   │       │       │   │   ├── json.mjs
│   │       │       │   │   ├── type.d.mts
│   │       │       │   │   └── type.mjs
│   │       │       │   ├── uint8array
│   │       │       │   │   ├── index.d.mts
│   │       │       │   │   ├── index.mjs
│   │       │       │   │   ├── uint8array.d.mts
│   │       │       │   │   └── uint8array.mjs
│   │       │       │   ├── undefined
│   │       │       │   │   ├── index.d.mts
│   │       │       │   │   ├── index.mjs
│   │       │       │   │   ├── undefined.d.mts
│   │       │       │   │   └── undefined.mjs
│   │       │       │   ├── union
│   │       │       │   │   ├── index.d.mts
│   │       │       │   │   ├── index.mjs
│   │       │       │   │   ├── union-create.d.mts
│   │       │       │   │   ├── union-create.mjs
│   │       │       │   │   ├── union-evaluated.d.mts
│   │       │       │   │   ├── union-evaluated.mjs
│   │       │       │   │   ├── union-type.d.mts
│   │       │       │   │   ├── union-type.mjs
│   │       │       │   │   ├── union.d.mts
│   │       │       │   │   └── union.mjs
│   │       │       │   ├── unknown
│   │       │       │   │   ├── index.d.mts
│   │       │       │   │   ├── index.mjs
│   │       │       │   │   ├── unknown.d.mts
│   │       │       │   │   └── unknown.mjs
│   │       │       │   ├── unsafe
│   │       │       │   │   ├── index.d.mts
│   │       │       │   │   ├── index.mjs
│   │       │       │   │   ├── unsafe.d.mts
│   │       │       │   │   └── unsafe.mjs
│   │       │       │   └── void
│   │       │       │       ├── index.d.mts
│   │       │       │       ├── index.mjs
│   │       │       │       ├── void.d.mts
│   │       │       │       └── void.mjs
│   │       │       └── value
│   │       │           ├── assert
│   │       │           │   ├── assert.d.mts
│   │       │           │   ├── assert.mjs
│   │       │           │   ├── index.d.mts
│   │       │           │   └── index.mjs
│   │       │           ├── cast
│   │       │           │   ├── cast.d.mts
│   │       │           │   ├── cast.mjs
│   │       │           │   ├── index.d.mts
│   │       │           │   └── index.mjs
│   │       │           ├── check
│   │       │           │   ├── check.d.mts
│   │       │           │   ├── check.mjs
│   │       │           │   ├── index.d.mts
│   │       │           │   └── index.mjs
│   │       │           ├── clean
│   │       │           │   ├── clean.d.mts
│   │       │           │   ├── clean.mjs
│   │       │           │   ├── index.d.mts
│   │       │           │   └── index.mjs
│   │       │           ├── clone
│   │       │           │   ├── clone.d.mts
│   │       │           │   ├── clone.mjs
│   │       │           │   ├── index.d.mts
│   │       │           │   └── index.mjs
│   │       │           ├── convert
│   │       │           │   ├── convert.d.mts
│   │       │           │   ├── convert.mjs
│   │       │           │   ├── index.d.mts
│   │       │           │   └── index.mjs
│   │       │           ├── create
│   │       │           │   ├── create.d.mts
│   │       │           │   ├── create.mjs
│   │       │           │   ├── index.d.mts
│   │       │           │   └── index.mjs
│   │       │           ├── decode
│   │       │           │   ├── decode.d.mts
│   │       │           │   ├── decode.mjs
│   │       │           │   ├── index.d.mts
│   │       │           │   └── index.mjs
│   │       │           ├── default
│   │       │           │   ├── default.d.mts
│   │       │           │   ├── default.mjs
│   │       │           │   ├── index.d.mts
│   │       │           │   └── index.mjs
│   │       │           ├── delta
│   │       │           │   ├── delta.d.mts
│   │       │           │   ├── delta.mjs
│   │       │           │   ├── index.d.mts
│   │       │           │   └── index.mjs
│   │       │           ├── deref
│   │       │           │   ├── deref.d.mts
│   │       │           │   ├── deref.mjs
│   │       │           │   ├── index.d.mts
│   │       │           │   └── index.mjs
│   │       │           ├── encode
│   │       │           │   ├── encode.d.mts
│   │       │           │   ├── encode.mjs
│   │       │           │   ├── index.d.mts
│   │       │           │   └── index.mjs
│   │       │           ├── equal
│   │       │           │   ├── equal.d.mts
│   │       │           │   ├── equal.mjs
│   │       │           │   ├── index.d.mts
│   │       │           │   └── index.mjs
│   │       │           ├── guard
│   │       │           │   ├── guard.d.mts
│   │       │           │   ├── guard.mjs
│   │       │           │   ├── index.d.mts
│   │       │           │   └── index.mjs
│   │       │           ├── hash
│   │       │           │   ├── hash.d.mts
│   │       │           │   ├── hash.mjs
│   │       │           │   ├── index.d.mts
│   │       │           │   └── index.mjs
│   │       │           ├── index.d.mts
│   │       │           ├── index.mjs
│   │       │           ├── mutate
│   │       │           │   ├── index.d.mts
│   │       │           │   ├── index.mjs
│   │       │           │   ├── mutate.d.mts
│   │       │           │   └── mutate.mjs
│   │       │           ├── parse
│   │       │           │   ├── index.d.mts
│   │       │           │   ├── index.mjs
│   │       │           │   ├── parse.d.mts
│   │       │           │   └── parse.mjs
│   │       │           ├── pointer
│   │       │           │   ├── index.d.mts
│   │       │           │   ├── index.mjs
│   │       │           │   ├── pointer.d.mts
│   │       │           │   └── pointer.mjs
│   │       │           ├── transform
│   │       │           │   ├── decode.d.mts
│   │       │           │   ├── decode.mjs
│   │       │           │   ├── encode.d.mts
│   │       │           │   ├── encode.mjs
│   │       │           │   ├── has.d.mts
│   │       │           │   ├── has.mjs
│   │       │           │   ├── index.d.mts
│   │       │           │   └── index.mjs
│   │       │           └── value
│   │       │               ├── index.d.mts
│   │       │               ├── index.mjs
│   │       │               ├── value.d.mts
│   │       │               └── value.mjs
│   │       ├── compiler
│   │       │   └── package.json
│   │       ├── errors
│   │       │   └── package.json
│   │       ├── license
│   │       ├── package.json
│   │       ├── parser
│   │       │   └── package.json
│   │       ├── readme.md
│   │       ├── syntax
│   │       │   └── package.json
│   │       ├── system
│   │       │   └── package.json
│   │       ├── type
│   │       │   └── package.json
│   │       └── value
│   │           └── package.json
│   ├── @sinonjs
│   │   ├── commons
│   │   │   ├── LICENSE
│   │   │   ├── README.md
│   │   │   ├── lib
│   │   │   │   ├── called-in-order.js
│   │   │   │   ├── called-in-order.test.js
│   │   │   │   ├── class-name.js
│   │   │   │   ├── class-name.test.js
│   │   │   │   ├── deprecated.js
│   │   │   │   ├── deprecated.test.js
│   │   │   │   ├── every.js
│   │   │   │   ├── every.test.js
│   │   │   │   ├── function-name.js
│   │   │   │   ├── function-name.test.js
│   │   │   │   ├── global.js
│   │   │   │   ├── global.test.js
│   │   │   │   ├── index.js
│   │   │   │   ├── index.test.js
│   │   │   │   ├── order-by-first-call.js
│   │   │   │   ├── order-by-first-call.test.js
│   │   │   │   ├── prototypes
│   │   │   │   │   ├── README.md
│   │   │   │   │   ├── array.js
│   │   │   │   │   ├── copy-prototype-methods.js
│   │   │   │   │   ├── copy-prototype-methods.test.js
│   │   │   │   │   ├── function.js
│   │   │   │   │   ├── index.js
│   │   │   │   │   ├── index.test.js
│   │   │   │   │   ├── map.js
│   │   │   │   │   ├── object.js
│   │   │   │   │   ├── set.js
│   │   │   │   │   ├── string.js
│   │   │   │   │   └── throws-on-proto.js
│   │   │   │   ├── type-of.js
│   │   │   │   ├── type-of.test.js
│   │   │   │   ├── value-to-string.js
│   │   │   │   └── value-to-string.test.js
│   │   │   ├── package.json
│   │   │   └── types
│   │   │       ├── called-in-order.d.ts
│   │   │       ├── class-name.d.ts
│   │   │       ├── deprecated.d.ts
│   │   │       ├── every.d.ts
│   │   │       ├── function-name.d.ts
│   │   │       ├── global.d.ts
│   │   │       ├── index.d.ts
│   │   │       ├── order-by-first-call.d.ts
│   │   │       ├── prototypes
│   │   │       │   ├── array.d.ts
│   │   │       │   ├── copy-prototype-methods.d.ts
│   │   │       │   ├── function.d.ts
│   │   │       │   ├── index.d.ts
│   │   │       │   ├── map.d.ts
│   │   │       │   ├── object.d.ts
│   │   │       │   ├── set.d.ts
│   │   │       │   ├── string.d.ts
│   │   │       │   └── throws-on-proto.d.ts
│   │   │       ├── type-of.d.ts
│   │   │       └── value-to-string.d.ts
│   │   └── fake-timers
│   │       ├── LICENSE
│   │       ├── README.md
│   │       ├── package.json
│   │       ├── src
│   │       │   └── fake-timers-src.js
│   │       └── types
│   │           └── fake-timers-src.d.ts
│   ├── @types
│   │   ├── babel__core
│   │   │   ├── LICENSE
│   │   │   ├── README.md
│   │   │   ├── index.d.ts
│   │   │   └── package.json
│   │   ├── babel__generator
│   │   │   ├── LICENSE
│   │   │   ├── README.md
│   │   │   ├── index.d.ts
│   │   │   └── package.json
│   │   ├── babel__template
│   │   │   ├── LICENSE
│   │   │   ├── README.md
│   │   │   ├── index.d.ts
│   │   │   └── package.json
│   │   ├── babel__traverse
│   │   │   ├── LICENSE
│   │   │   ├── README.md
│   │   │   ├── index.d.ts
│   │   │   └── package.json
│   │   ├── istanbul-lib-coverage
│   │   │   ├── LICENSE
│   │   │   ├── README.md
│   │   │   ├── index.d.ts
│   │   │   └── package.json
│   │   ├── istanbul-lib-report
│   │   │   ├── LICENSE
│   │   │   ├── README.md
│   │   │   ├── index.d.ts
│   │   │   └── package.json
│   │   ├── istanbul-reports
│   │   │   ├── LICENSE
│   │   │   ├── README.md
│   │   │   ├── index.d.ts
│   │   │   └── package.json
│   │   ├── jest
│   │   │   ├── LICENSE
│   │   │   ├── README.md
│   │   │   ├── index.d.ts
│   │   │   └── package.json
│   │   ├── jsonwebtoken
│   │   │   ├── LICENSE
│   │   │   ├── README.md
│   │   │   ├── index.d.ts
│   │   │   └── package.json
│   │   ├── ms
│   │   │   ├── LICENSE
│   │   │   ├── README.md
│   │   │   ├── index.d.ts
│   │   │   └── package.json
│   │   ├── node
│   │   │   ├── LICENSE
│   │   │   ├── README.md
│   │   │   ├── assert
│   │   │   │   └── strict.d.ts
│   │   │   ├── assert.d.ts
│   │   │   ├── async_hooks.d.ts
│   │   │   ├── buffer.buffer.d.ts
│   │   │   ├── buffer.d.ts
│   │   │   ├── child_process.d.ts
│   │   │   ├── cluster.d.ts
│   │   │   ├── compatibility
│   │   │   │   └── iterators.d.ts
│   │   │   ├── console.d.ts
│   │   │   ├── constants.d.ts
│   │   │   ├── crypto.d.ts
│   │   │   ├── dgram.d.ts
│   │   │   ├── diagnostics_channel.d.ts
│   │   │   ├── dns
│   │   │   │   └── promises.d.ts
│   │   │   ├── dns.d.ts
│   │   │   ├── domain.d.ts
│   │   │   ├── events.d.ts
│   │   │   ├── fs
│   │   │   │   └── promises.d.ts
│   │   │   ├── fs.d.ts
│   │   │   ├── globals.d.ts
│   │   │   ├── globals.typedarray.d.ts
│   │   │   ├── http.d.ts
│   │   │   ├── http2.d.ts
│   │   │   ├── https.d.ts
│   │   │   ├── index.d.ts
│   │   │   ├── inspector
│   │   │   │   └── promises.d.ts
│   │   │   ├── inspector.d.ts
│   │   │   ├── inspector.generated.d.ts
│   │   │   ├── module.d.ts
│   │   │   ├── net.d.ts
│   │   │   ├── os.d.ts
│   │   │   ├── package.json
│   │   │   ├── path
│   │   │   │   ├── posix.d.ts
│   │   │   │   └── win32.d.ts
│   │   │   ├── path.d.ts
│   │   │   ├── perf_hooks.d.ts
│   │   │   ├── process.d.ts
│   │   │   ├── punycode.d.ts
│   │   │   ├── querystring.d.ts
│   │   │   ├── quic.d.ts
│   │   │   ├── readline
│   │   │   │   └── promises.d.ts
│   │   │   ├── readline.d.ts
│   │   │   ├── repl.d.ts
│   │   │   ├── sea.d.ts
│   │   │   ├── sqlite.d.ts
│   │   │   ├── stream
│   │   │   │   ├── consumers.d.ts
│   │   │   │   ├── promises.d.ts
│   │   │   │   └── web.d.ts
│   │   │   ├── stream.d.ts
│   │   │   ├── string_decoder.d.ts
│   │   │   ├── test
│   │   │   │   └── reporters.d.ts
│   │   │   ├── test.d.ts
│   │   │   ├── timers
│   │   │   │   └── promises.d.ts
│   │   │   ├── timers.d.ts
│   │   │   ├── tls.d.ts
│   │   │   ├── trace_events.d.ts
│   │   │   ├── ts5.6
│   │   │   │   ├── buffer.buffer.d.ts
│   │   │   │   ├── compatibility
│   │   │   │   │   └── float16array.d.ts
│   │   │   │   ├── globals.typedarray.d.ts
│   │   │   │   └── index.d.ts
│   │   │   ├── ts5.7
│   │   │   │   ├── compatibility
│   │   │   │   │   └── float16array.d.ts
│   │   │   │   └── index.d.ts
│   │   │   ├── tty.d.ts
│   │   │   ├── url.d.ts
│   │   │   ├── util
│   │   │   │   └── types.d.ts
│   │   │   ├── util.d.ts
│   │   │   ├── v8.d.ts
│   │   │   ├── vm.d.ts
│   │   │   ├── wasi.d.ts
│   │   │   ├── web-globals
│   │   │   │   ├── abortcontroller.d.ts
│   │   │   │   ├── blob.d.ts
│   │   │   │   ├── console.d.ts
│   │   │   │   ├── crypto.d.ts
│   │   │   │   ├── domexception.d.ts
│   │   │   │   ├── encoding.d.ts
│   │   │   │   ├── events.d.ts
│   │   │   │   ├── fetch.d.ts
│   │   │   │   ├── importmeta.d.ts
│   │   │   │   ├── messaging.d.ts
│   │   │   │   ├── navigator.d.ts
│   │   │   │   ├── performance.d.ts
│   │   │   │   ├── storage.d.ts
│   │   │   │   ├── streams.d.ts
│   │   │   │   ├── timers.d.ts
│   │   │   │   └── url.d.ts
│   │   │   ├── worker_threads.d.ts
│   │   │   └── zlib.d.ts
│   │   ├── stack-utils
│   │   │   ├── LICENSE
│   │   │   ├── README.md
│   │   │   ├── index.d.ts
│   │   │   └── package.json
│   │   ├── yargs
│   │   │   ├── LICENSE
│   │   │   ├── README.md
│   │   │   ├── helpers.d.mts
│   │   │   ├── helpers.d.ts
│   │   │   ├── index.d.mts
│   │   │   ├── index.d.ts
│   │   │   ├── package.json
│   │   │   └── yargs.d.ts
│   │   └── yargs-parser
│   │       ├── LICENSE
│   │       ├── README.md
│   │       ├── index.d.ts
│   │       └── package.json
│   ├── @ungap
│   │   └── structured-clone
│   │       ├── LICENSE
│   │       ├── README.md
│   │       ├── cjs
│   │       │   ├── deserialize.js
│   │       │   ├── index.js
│   │       │   ├── json.js
│   │       │   ├── package.json
│   │       │   ├── serialize.js
│   │       │   └── types.js
│   │       ├── esm
│   │       │   ├── deserialize.js
│   │       │   ├── index.js
│   │       │   ├── json.js
│   │       │   ├── serialize.js
│   │       │   └── types.js
│   │       ├── package.json
│   │       └── structured-json.js
│   ├── @unrs
│   │   └── resolver-binding-linux-x64-gnu
│   │       ├── README.md
│   │       ├── package.json
│   │       └── resolver.linux-x64-gnu.node
│   ├── ansi-escapes
│   │   ├── index.d.ts
│   │   ├── index.js
│   │   ├── license
│   │   ├── package.json
│   │   └── readme.md
│   ├── ansi-regex
│   │   ├── index.d.ts
│   │   ├── index.js
│   │   ├── license
│   │   ├── package.json
│   │   └── readme.md
│   ├── ansi-styles
│   │   ├── index.d.ts
│   │   ├── index.js
│   │   ├── license
│   │   ├── package.json
│   │   └── readme.md
│   ├── anymatch
│   │   ├── LICENSE
│   │   ├── README.md
│   │   ├── index.d.ts
│   │   ├── index.js
│   │   ├── node_modules
│   │   │   └── picomatch
│   │   │       ├── LICENSE
│   │   │       ├── README.md
│   │   │       ├── index.js
│   │   │       ├── lib
│   │   │       │   ├── constants.js
│   │   │       │   ├── parse.js
│   │   │       │   ├── picomatch.js
│   │   │       │   ├── scan.js
│   │   │       │   └── utils.js
│   │   │       └── package.json
│   │   └── package.json
│   ├── argparse
│   │   ├── CHANGELOG.md
│   │   ├── LICENSE
│   │   ├── README.md
│   │   ├── index.js
│   │   ├── lib
│   │   │   ├── action
│   │   │   │   ├── append
│   │   │   │   │   └── constant.js
│   │   │   │   ├── append.js
│   │   │   │   ├── count.js
│   │   │   │   ├── help.js
│   │   │   │   ├── store
│   │   │   │   │   ├── constant.js
│   │   │   │   │   ├── false.js
│   │   │   │   │   └── true.js
│   │   │   │   ├── store.js
│   │   │   │   ├── subparsers.js
│   │   │   │   └── version.js
│   │   │   ├── action.js
│   │   │   ├── action_container.js
│   │   │   ├── argparse.js
│   │   │   ├── argument
│   │   │   │   ├── error.js
│   │   │   │   ├── exclusive.js
│   │   │   │   └── group.js
│   │   │   ├── argument_parser.js
│   │   │   ├── const.js
│   │   │   ├── help
│   │   │   │   ├── added_formatters.js
│   │   │   │   └── formatter.js
│   │   │   ├── namespace.js
│   │   │   └── utils.js
│   │   └── package.json
│   ├── babel-jest
│   │   ├── LICENSE
│   │   ├── README.md
│   │   ├── build
│   │   │   ├── index.d.ts
│   │   │   ├── index.js
│   │   │   └── index.mjs
│   │   └── package.json
│   ├── babel-plugin-istanbul
│   │   ├── CHANGELOG.md
│   │   ├── LICENSE
│   │   ├── README.md
│   │   ├── lib
│   │   │   ├── index.js
│   │   │   └── load-nyc-config-sync.js
│   │   └── package.json
│   ├── babel-plugin-jest-hoist
│   │   ├── LICENSE
│   │   ├── README.md
│   │   ├── build
│   │   │   ├── index.d.ts
│   │   │   ├── index.js
│   │   │   └── index.mjs
│   │   └── package.json
│   ├── babel-preset-current-node-syntax
│   │   ├── LICENSE
│   │   ├── README.md
│   │   ├── package.json
│   │   └── src
│   │       └── index.js
│   ├── babel-preset-jest
│   │   ├── LICENSE
│   │   ├── README.md
│   │   ├── index.js
│   │   └── package.json
│   ├── balanced-match
│   │   ├── LICENSE.md
│   │   ├── README.md
│   │   ├── index.js
│   │   └── package.json
│   ├── baseline-browser-mapping
│   │   ├── LICENSE.txt
│   │   ├── README.md
│   │   ├── dist
│   │   │   ├── cli.cjs
│   │   │   ├── index.cjs
│   │   │   ├── index.d.ts
│   │   │   └── index.js
│   │   └── package.json
│   ├── brace-expansion
│   │   ├── LICENSE
│   │   ├── README.md
│   │   ├── index.js
│   │   └── package.json
│   ├── browserslist
│   │   ├── LICENSE
│   │   ├── README.md
│   │   ├── browser.js
│   │   ├── cli.js
│   │   ├── error.d.ts
│   │   ├── error.js
│   │   ├── index.d.ts
│   │   ├── index.js
│   │   ├── node.js
│   │   ├── package.json
│   │   └── parse.js
│   ├── bs-logger
│   │   ├── CHANGELOG.md
│   │   ├── LICENSE
│   │   ├── README.md
│   │   ├── dist
│   │   │   ├── index.d.ts
│   │   │   ├── index.js
│   │   │   ├── logger
│   │   │   │   ├── context.d.ts
│   │   │   │   ├── context.js
│   │   │   │   ├── index.d.ts
│   │   │   │   ├── index.js
│   │   │   │   ├── level.d.ts
│   │   │   │   ├── level.js
│   │   │   │   ├── message.d.ts
│   │   │   │   ├── message.js
│   │   │   │   ├── root.d.ts
│   │   │   │   ├── root.js
│   │   │   │   ├── target.d.ts
│   │   │   │   └── target.js
│   │   │   ├── testing
│   │   │   │   ├── index.d.ts
│   │   │   │   ├── index.js
│   │   │   │   ├── target-mock.d.ts
│   │   │   │   └── target-mock.js
│   │   │   └── utils
│   │   │       ├── cache-getters.d.ts
│   │   │       └── cache-getters.js
│   │   └── package.json
│   ├── bser
│   │   ├── README.md
│   │   ├── index.js
│   │   └── package.json
│   ├── buffer-equal-constant-time
│   │   ├── LICENSE.txt
│   │   ├── README.md
│   │   ├── index.js
│   │   ├── package.json
│   │   └── test.js
│   ├── buffer-from
│   │   ├── LICENSE
│   │   ├── index.js
│   │   ├── package.json
│   │   └── readme.md
│   ├── callsites
│   │   ├── index.d.ts
│   │   ├── index.js
│   │   ├── license
│   │   ├── package.json
│   │   └── readme.md
│   ├── camelcase
│   │   ├── index.d.ts
│   │   ├── index.js
│   │   ├── license
│   │   ├── package.json
│   │   └── readme.md
│   ├── caniuse-lite
│   │   ├── LICENSE
│   │   ├── README.md
│   │   ├── data
│   │   │   ├── agents.js
│   │   │   ├── browserVersions.js
│   │   │   ├── browsers.js
│   │   │   ├── features
│   │   │   │   ├── aac.js
│   │   │   │   ├── abortcontroller.js
│   │   │   │   ├── ac3-ec3.js
│   │   │   │   ├── accelerometer.js
│   │   │   │   ├── addeventlistener.js
│   │   │   │   ├── alternate-stylesheet.js
│   │   │   │   ├── ambient-light.js
│   │   │   │   ├── apng.js
│   │   │   │   ├── array-find-index.js
│   │   │   │   ├── array-find.js
│   │   │   │   ├── array-flat.js
│   │   │   │   ├── array-includes.js
│   │   │   │   ├── arrow-functions.js
│   │   │   │   ├── asmjs.js
│   │   │   │   ├── async-clipboard.js
│   │   │   │   ├── async-functions.js
│   │   │   │   ├── atob-btoa.js
│   │   │   │   ├── audio-api.js
│   │   │   │   ├── audio.js
│   │   │   │   ├── audiotracks.js
│   │   │   │   ├── autofocus.js
│   │   │   │   ├── auxclick.js
│   │   │   │   ├── av1.js
│   │   │   │   ├── avif.js
│   │   │   │   ├── background-attachment.js
│   │   │   │   ├── background-clip-text.js
│   │   │   │   ├── background-img-opts.js
│   │   │   │   ├── background-position-x-y.js
│   │   │   │   ├── background-repeat-round-space.js
│   │   │   │   ├── background-sync.js
│   │   │   │   ├── battery-status.js
│   │   │   │   ├── beacon.js
│   │   │   │   ├── beforeafterprint.js
│   │   │   │   ├── bigint.js
│   │   │   │   ├── blobbuilder.js
│   │   │   │   ├── bloburls.js
│   │   │   │   ├── border-image.js
│   │   │   │   ├── border-radius.js
│   │   │   │   ├── broadcastchannel.js
│   │   │   │   ├── brotli.js
│   │   │   │   ├── calc.js
│   │   │   │   ├── canvas-blending.js
│   │   │   │   ├── canvas-text.js
│   │   │   │   ├── canvas.js
│   │   │   │   ├── ch-unit.js
│   │   │   │   ├── chacha20-poly1305.js
│   │   │   │   ├── channel-messaging.js
│   │   │   │   ├── childnode-remove.js
│   │   │   │   ├── classlist.js
│   │   │   │   ├── client-hints-dpr-width-viewport.js
│   │   │   │   ├── clipboard.js
│   │   │   │   ├── colr-v1.js
│   │   │   │   ├── colr.js
│   │   │   │   ├── comparedocumentposition.js
│   │   │   │   ├── console-basic.js
│   │   │   │   ├── console-time.js
│   │   │   │   ├── const.js
│   │   │   │   ├── constraint-validation.js
│   │   │   │   ├── contenteditable.js
│   │   │   │   ├── contentsecuritypolicy.js
│   │   │   │   ├── contentsecuritypolicy2.js
│   │   │   │   ├── cookie-store-api.js
│   │   │   │   ├── cors.js
│   │   │   │   ├── createimagebitmap.js
│   │   │   │   ├── credential-management.js
│   │   │   │   ├── cross-document-view-transitions.js
│   │   │   │   ├── cryptography.js
│   │   │   │   ├── css-all.js
│   │   │   │   ├── css-anchor-positioning.js
│   │   │   │   ├── css-animation.js
│   │   │   │   ├── css-any-link.js
│   │   │   │   ├── css-appearance.js
│   │   │   │   ├── css-at-counter-style.js
│   │   │   │   ├── css-autofill.js
│   │   │   │   ├── css-backdrop-filter.js
│   │   │   │   ├── css-background-offsets.js
│   │   │   │   ├── css-backgroundblendmode.js
│   │   │   │   ├── css-boxdecorationbreak.js
│   │   │   │   ├── css-boxshadow.js
│   │   │   │   ├── css-canvas.js
│   │   │   │   ├── css-caret-color.js
│   │   │   │   ├── css-cascade-layers.js
│   │   │   │   ├── css-cascade-scope.js
│   │   │   │   ├── css-case-insensitive.js
│   │   │   │   ├── css-clip-path.js
│   │   │   │   ├── css-color-adjust.js
│   │   │   │   ├── css-color-function.js
│   │   │   │   ├── css-conic-gradients.js
│   │   │   │   ├── css-container-queries-style.js
│   │   │   │   ├── css-container-queries.js
│   │   │   │   ├── css-container-query-units.js
│   │   │   │   ├── css-containment.js
│   │   │   │   ├── css-content-visibility.js
│   │   │   │   ├── css-counters.js
│   │   │   │   ├── css-crisp-edges.js
│   │   │   │   ├── css-cross-fade.js
│   │   │   │   ├── css-default-pseudo.js
│   │   │   │   ├── css-descendant-gtgt.js
│   │   │   │   ├── css-deviceadaptation.js
│   │   │   │   ├── css-dir-pseudo.js
│   │   │   │   ├── css-display-contents.js
│   │   │   │   ├── css-element-function.js
│   │   │   │   ├── css-env-function.js
│   │   │   │   ├── css-exclusions.js
│   │   │   │   ├── css-featurequeries.js
│   │   │   │   ├── css-file-selector-button.js
│   │   │   │   ├── css-filter-function.js
│   │   │   │   ├── css-filters.js
│   │   │   │   ├── css-first-letter.js
│   │   │   │   ├── css-first-line.js
│   │   │   │   ├── css-fixed.js
│   │   │   │   ├── css-focus-visible.js
│   │   │   │   ├── css-focus-within.js
│   │   │   │   ├── css-font-palette.js
│   │   │   │   ├── css-font-rendering-controls.js
│   │   │   │   ├── css-font-stretch.js
│   │   │   │   ├── css-gencontent.js
│   │   │   │   ├── css-gradients.js
│   │   │   │   ├── css-grid-animation.js
│   │   │   │   ├── css-grid-lanes.js
│   │   │   │   ├── css-grid.js
│   │   │   │   ├── css-hanging-punctuation.js
│   │   │   │   ├── css-has.js
│   │   │   │   ├── css-hyphens.js
│   │   │   │   ├── css-if.js
│   │   │   │   ├── css-image-orientation.js
│   │   │   │   ├── css-image-set.js
│   │   │   │   ├── css-in-out-of-range.js
│   │   │   │   ├── css-indeterminate-pseudo.js
│   │   │   │   ├── css-initial-letter.js
│   │   │   │   ├── css-initial-value.js
│   │   │   │   ├── css-lch-lab.js
│   │   │   │   ├── css-letter-spacing.js
│   │   │   │   ├── css-line-clamp.js
│   │   │   │   ├── css-logical-props.js
│   │   │   │   ├── css-marker-pseudo.js
│   │   │   │   ├── css-masks.js
│   │   │   │   ├── css-matches-pseudo.js
│   │   │   │   ├── css-math-functions.js
│   │   │   │   ├── css-media-interaction.js
│   │   │   │   ├── css-media-range-syntax.js
│   │   │   │   ├── css-media-resolution.js
│   │   │   │   ├── css-media-scripting.js
│   │   │   │   ├── css-mediaqueries.js
│   │   │   │   ├── css-mixblendmode.js
│   │   │   │   ├── css-module-scripts.js
│   │   │   │   ├── css-motion-paths.js
│   │   │   │   ├── css-namespaces.js
│   │   │   │   ├── css-nesting.js
│   │   │   │   ├── css-not-sel-list.js
│   │   │   │   ├── css-nth-child-of.js
│   │   │   │   ├── css-opacity.js
│   │   │   │   ├── css-optional-pseudo.js
│   │   │   │   ├── css-overflow-anchor.js
│   │   │   │   ├── css-overflow-overlay.js
│   │   │   │   ├── css-overflow.js
│   │   │   │   ├── css-overscroll-behavior.js
│   │   │   │   ├── css-page-break.js
│   │   │   │   ├── css-paged-media.js
│   │   │   │   ├── css-paint-api.js
│   │   │   │   ├── css-placeholder-shown.js
│   │   │   │   ├── css-placeholder.js
│   │   │   │   ├── css-print-color-adjust.js
│   │   │   │   ├── css-read-only-write.js
│   │   │   │   ├── css-rebeccapurple.js
│   │   │   │   ├── css-reflections.js
│   │   │   │   ├── css-regions.js
│   │   │   │   ├── css-relative-colors.js
│   │   │   │   ├── css-repeating-gradients.js
│   │   │   │   ├── css-resize.js
│   │   │   │   ├── css-revert-value.js
│   │   │   │   ├── css-rrggbbaa.js
│   │   │   │   ├── css-scroll-behavior.js
│   │   │   │   ├── css-scrollbar.js
│   │   │   │   ├── css-sel2.js
│   │   │   │   ├── css-sel3.js
│   │   │   │   ├── css-selection.js
│   │   │   │   ├── css-shapes.js
│   │   │   │   ├── css-snappoints.js
│   │   │   │   ├── css-sticky.js
│   │   │   │   ├── css-subgrid.js
│   │   │   │   ├── css-supports-api.js
│   │   │   │   ├── css-table.js
│   │   │   │   ├── css-text-align-last.js
│   │   │   │   ├── css-text-box-trim.js
│   │   │   │   ├── css-text-indent.js
│   │   │   │   ├── css-text-justify.js
│   │   │   │   ├── css-text-orientation.js
│   │   │   │   ├── css-text-spacing.js
│   │   │   │   ├── css-text-wrap-balance.js
│   │   │   │   ├── css-textshadow.js
│   │   │   │   ├── css-touch-action.js
│   │   │   │   ├── css-transitions.js
│   │   │   │   ├── css-unicode-bidi.js
│   │   │   │   ├── css-unset-value.js
│   │   │   │   ├── css-variables.js
│   │   │   │   ├── css-when-else.js
│   │   │   │   ├── css-widows-orphans.js
│   │   │   │   ├── css-width-stretch.js
│   │   │   │   ├── css-writing-mode.js
│   │   │   │   ├── css-zoom.js
│   │   │   │   ├── css3-attr.js
│   │   │   │   ├── css3-boxsizing.js
│   │   │   │   ├── css3-colors.js
│   │   │   │   ├── css3-cursors-grab.js
│   │   │   │   ├── css3-cursors-newer.js
│   │   │   │   ├── css3-cursors.js
│   │   │   │   ├── css3-tabsize.js
│   │   │   │   ├── currentcolor.js
│   │   │   │   ├── custom-elements.js
│   │   │   │   ├── custom-elementsv1.js
│   │   │   │   ├── customevent.js
│   │   │   │   ├── customizable-select.js
│   │   │   │   ├── datalist.js
│   │   │   │   ├── dataset.js
│   │   │   │   ├── datauri.js
│   │   │   │   ├── date-tolocaledatestring.js
│   │   │   │   ├── declarative-shadow-dom.js
│   │   │   │   ├── decorators.js
│   │   │   │   ├── details.js
│   │   │   │   ├── deviceorientation.js
│   │   │   │   ├── devicepixelratio.js
│   │   │   │   ├── dialog.js
│   │   │   │   ├── dispatchevent.js
│   │   │   │   ├── dnssec.js
│   │   │   │   ├── do-not-track.js
│   │   │   │   ├── document-currentscript.js
│   │   │   │   ├── document-evaluate-xpath.js
│   │   │   │   ├── document-execcommand.js
│   │   │   │   ├── document-policy.js
│   │   │   │   ├── document-scrollingelement.js
│   │   │   │   ├── documenthead.js
│   │   │   │   ├── dom-manip-convenience.js
│   │   │   │   ├── dom-range.js
│   │   │   │   ├── domcontentloaded.js
│   │   │   │   ├── dommatrix.js
│   │   │   │   ├── download.js
│   │   │   │   ├── dragndrop.js
│   │   │   │   ├── element-closest.js
│   │   │   │   ├── element-from-point.js
│   │   │   │   ├── element-scroll-methods.js
│   │   │   │   ├── eme.js
│   │   │   │   ├── eot.js
│   │   │   │   ├── es5.js
│   │   │   │   ├── es6-class.js
│   │   │   │   ├── es6-generators.js
│   │   │   │   ├── es6-module-dynamic-import.js
│   │   │   │   ├── es6-module.js
│   │   │   │   ├── es6-number.js
│   │   │   │   ├── es6-string-includes.js
│   │   │   │   ├── es6.js
│   │   │   │   ├── eventsource.js
│   │   │   │   ├── extended-system-fonts.js
│   │   │   │   ├── feature-policy.js
│   │   │   │   ├── fetch.js
│   │   │   │   ├── fieldset-disabled.js
│   │   │   │   ├── fileapi.js
│   │   │   │   ├── filereader.js
│   │   │   │   ├── filereadersync.js
│   │   │   │   ├── filesystem.js
│   │   │   │   ├── flac.js
│   │   │   │   ├── flexbox-gap.js
│   │   │   │   ├── flexbox.js
│   │   │   │   ├── flow-root.js
│   │   │   │   ├── focusin-focusout-events.js
│   │   │   │   ├── font-family-system-ui.js
│   │   │   │   ├── font-feature.js
│   │   │   │   ├── font-kerning.js
│   │   │   │   ├── font-loading.js
│   │   │   │   ├── font-size-adjust.js
│   │   │   │   ├── font-smooth.js
│   │   │   │   ├── font-unicode-range.js
│   │   │   │   ├── font-variant-alternates.js
│   │   │   │   ├── font-variant-numeric.js
│   │   │   │   ├── fontface.js
│   │   │   │   ├── form-attribute.js
│   │   │   │   ├── form-submit-attributes.js
│   │   │   │   ├── form-validation.js
│   │   │   │   ├── forms.js
│   │   │   │   ├── fullscreen.js
│   │   │   │   ├── gamepad.js
│   │   │   │   ├── geolocation.js
│   │   │   │   ├── getboundingclientrect.js
│   │   │   │   ├── getcomputedstyle.js
│   │   │   │   ├── getelementsbyclassname.js
│   │   │   │   ├── getrandomvalues.js
│   │   │   │   ├── gyroscope.js
│   │   │   │   ├── hardwareconcurrency.js
│   │   │   │   ├── hashchange.js
│   │   │   │   ├── heif.js
│   │   │   │   ├── hevc.js
│   │   │   │   ├── hidden.js
│   │   │   │   ├── high-resolution-time.js
│   │   │   │   ├── history.js
│   │   │   │   ├── html-media-capture.js
│   │   │   │   ├── html5semantic.js
│   │   │   │   ├── http-live-streaming.js
│   │   │   │   ├── http2.js
│   │   │   │   ├── http3.js
│   │   │   │   ├── iframe-sandbox.js
│   │   │   │   ├── iframe-seamless.js
│   │   │   │   ├── iframe-srcdoc.js
│   │   │   │   ├── imagecapture.js
│   │   │   │   ├── ime.js
│   │   │   │   ├── img-naturalwidth-naturalheight.js
│   │   │   │   ├── import-maps.js
│   │   │   │   ├── imports.js
│   │   │   │   ├── indeterminate-checkbox.js
│   │   │   │   ├── indexeddb.js
│   │   │   │   ├── indexeddb2.js
│   │   │   │   ├── inline-block.js
│   │   │   │   ├── innertext.js
│   │   │   │   ├── input-autocomplete-onoff.js
│   │   │   │   ├── input-color.js
│   │   │   │   ├── input-datetime.js
│   │   │   │   ├── input-email-tel-url.js
│   │   │   │   ├── input-event.js
│   │   │   │   ├── input-file-accept.js
│   │   │   │   ├── input-file-directory.js
│   │   │   │   ├── input-file-multiple.js
│   │   │   │   ├── input-inputmode.js
│   │   │   │   ├── input-minlength.js
│   │   │   │   ├── input-number.js
│   │   │   │   ├── input-pattern.js
│   │   │   │   ├── input-placeholder.js
│   │   │   │   ├── input-range.js
│   │   │   │   ├── input-search.js
│   │   │   │   ├── input-selection.js
│   │   │   │   ├── insert-adjacent.js
│   │   │   │   ├── insertadjacenthtml.js
│   │   │   │   ├── internationalization.js
│   │   │   │   ├── intersectionobserver-v2.js
│   │   │   │   ├── intersectionobserver.js
│   │   │   │   ├── intl-pluralrules.js
│   │   │   │   ├── intrinsic-width.js
│   │   │   │   ├── jpeg2000.js
│   │   │   │   ├── jpegxl.js
│   │   │   │   ├── jpegxr.js
│   │   │   │   ├── js-regexp-lookbehind.js
│   │   │   │   ├── json.js
│   │   │   │   ├── justify-content-space-evenly.js
│   │   │   │   ├── kerning-pairs-ligatures.js
│   │   │   │   ├── keyboardevent-charcode.js
│   │   │   │   ├── keyboardevent-code.js
│   │   │   │   ├── keyboardevent-getmodifierstate.js
│   │   │   │   ├── keyboardevent-key.js
│   │   │   │   ├── keyboardevent-location.js
│   │   │   │   ├── keyboardevent-which.js
│   │   │   │   ├── lazyload.js
│   │   │   │   ├── let.js
│   │   │   │   ├── link-icon-png.js
│   │   │   │   ├── link-icon-svg.js
│   │   │   │   ├── link-rel-dns-prefetch.js
│   │   │   │   ├── link-rel-modulepreload.js
│   │   │   │   ├── link-rel-preconnect.js
│   │   │   │   ├── link-rel-prefetch.js
│   │   │   │   ├── link-rel-preload.js
│   │   │   │   ├── link-rel-prerender.js
│   │   │   │   ├── loading-lazy-attr.js
│   │   │   │   ├── loading-lazy-media.js
│   │   │   │   ├── localecompare.js
│   │   │   │   ├── magnetometer.js
│   │   │   │   ├── matchesselector.js
│   │   │   │   ├── matchmedia.js
│   │   │   │   ├── mathml.js
│   │   │   │   ├── maxlength.js
│   │   │   │   ├── mdn-css-backdrop-pseudo-element.js
│   │   │   │   ├── mdn-css-unicode-bidi-isolate-override.js
│   │   │   │   ├── mdn-css-unicode-bidi-isolate.js
│   │   │   │   ├── mdn-css-unicode-bidi-plaintext.js
│   │   │   │   ├── mdn-text-decoration-color.js
│   │   │   │   ├── mdn-text-decoration-line.js
│   │   │   │   ├── mdn-text-decoration-shorthand.js
│   │   │   │   ├── mdn-text-decoration-style.js
│   │   │   │   ├── media-fragments.js
│   │   │   │   ├── mediacapture-fromelement.js
│   │   │   │   ├── mediarecorder.js
│   │   │   │   ├── mediasource.js
│   │   │   │   ├── menu.js
│   │   │   │   ├── meta-theme-color.js
│   │   │   │   ├── meter.js
│   │   │   │   ├── midi.js
│   │   │   │   ├── minmaxwh.js
│   │   │   │   ├── mp3.js
│   │   │   │   ├── mpeg-dash.js
│   │   │   │   ├── mpeg4.js
│   │   │   │   ├── multibackgrounds.js
│   │   │   │   ├── multicolumn.js
│   │   │   │   ├── mutation-events.js
│   │   │   │   ├── mutationobserver.js
│   │   │   │   ├── namevalue-storage.js
│   │   │   │   ├── native-filesystem-api.js
│   │   │   │   ├── nav-timing.js
│   │   │   │   ├── netinfo.js
│   │   │   │   ├── notifications.js
│   │   │   │   ├── object-entries.js
│   │   │   │   ├── object-fit.js
│   │   │   │   ├── object-observe.js
│   │   │   │   ├── object-values.js
│   │   │   │   ├── objectrtc.js
│   │   │   │   ├── offline-apps.js
│   │   │   │   ├── offscreencanvas.js
│   │   │   │   ├── ogg-vorbis.js
│   │   │   │   ├── ogv.js
│   │   │   │   ├── ol-reversed.js
│   │   │   │   ├── once-event-listener.js
│   │   │   │   ├── online-status.js
│   │   │   │   ├── opus.js
│   │   │   │   ├── orientation-sensor.js
│   │   │   │   ├── outline.js
│   │   │   │   ├── pad-start-end.js
│   │   │   │   ├── page-transition-events.js
│   │   │   │   ├── pagevisibility.js
│   │   │   │   ├── passive-event-listener.js
│   │   │   │   ├── passkeys.js
│   │   │   │   ├── passwordrules.js
│   │   │   │   ├── path2d.js
│   │   │   │   ├── payment-request.js
│   │   │   │   ├── pdf-viewer.js
│   │   │   │   ├── permissions-api.js
│   │   │   │   ├── permissions-policy.js
│   │   │   │   ├── picture-in-picture.js
│   │   │   │   ├── picture.js
│   │   │   │   ├── ping.js
│   │   │   │   ├── png-alpha.js
│   │   │   │   ├── pointer-events.js
│   │   │   │   ├── pointer.js
│   │   │   │   ├── pointerlock.js
│   │   │   │   ├── portals.js
│   │   │   │   ├── prefers-color-scheme.js
│   │   │   │   ├── prefers-reduced-motion.js
│   │   │   │   ├── progress.js
│   │   │   │   ├── promise-finally.js
│   │   │   │   ├── promises.js
│   │   │   │   ├── proximity.js
│   │   │   │   ├── proxy.js
│   │   │   │   ├── publickeypinning.js
│   │   │   │   ├── push-api.js
│   │   │   │   ├── queryselector.js
│   │   │   │   ├── readonly-attr.js
│   │   │   │   ├── referrer-policy.js
│   │   │   │   ├── registerprotocolhandler.js
│   │   │   │   ├── rel-noopener.js
│   │   │   │   ├── rel-noreferrer.js
│   │   │   │   ├── rellist.js
│   │   │   │   ├── rem.js
│   │   │   │   ├── requestanimationframe.js
│   │   │   │   ├── requestidlecallback.js
│   │   │   │   ├── resizeobserver.js
│   │   │   │   ├── resource-timing.js
│   │   │   │   ├── rest-parameters.js
│   │   │   │   ├── rtcpeerconnection.js
│   │   │   │   ├── ruby.js
│   │   │   │   ├── run-in.js
│   │   │   │   ├── same-site-cookie-attribute.js
│   │   │   │   ├── screen-orientation.js
│   │   │   │   ├── script-async.js
│   │   │   │   ├── script-defer.js
│   │   │   │   ├── scrollintoview.js
│   │   │   │   ├── scrollintoviewifneeded.js
│   │   │   │   ├── sdch.js
│   │   │   │   ├── selection-api.js
│   │   │   │   ├── server-timing.js
│   │   │   │   ├── serviceworkers.js
│   │   │   │   ├── setimmediate.js
│   │   │   │   ├── shadowdom.js
│   │   │   │   ├── shadowdomv1.js
│   │   │   │   ├── sharedarraybuffer.js
│   │   │   │   ├── sharedworkers.js
│   │   │   │   ├── sni.js
│   │   │   │   ├── spdy.js
│   │   │   │   ├── speech-recognition.js
│   │   │   │   ├── speech-synthesis.js
│   │   │   │   ├── spellcheck-attribute.js
│   │   │   │   ├── sql-storage.js
│   │   │   │   ├── srcset.js
│   │   │   │   ├── stream.js
│   │   │   │   ├── streams.js
│   │   │   │   ├── stricttransportsecurity.js
│   │   │   │   ├── style-scoped.js
│   │   │   │   ├── subresource-bundling.js
│   │   │   │   ├── subresource-integrity.js
│   │   │   │   ├── svg-css.js
│   │   │   │   ├── svg-filters.js
│   │   │   │   ├── svg-fonts.js
│   │   │   │   ├── svg-fragment.js
│   │   │   │   ├── svg-html.js
│   │   │   │   ├── svg-html5.js
│   │   │   │   ├── svg-img.js
│   │   │   │   ├── svg-smil.js
│   │   │   │   ├── svg.js
│   │   │   │   ├── sxg.js
│   │   │   │   ├── tabindex-attr.js
│   │   │   │   ├── template-literals.js
│   │   │   │   ├── template.js
│   │   │   │   ├── temporal.js
│   │   │   │   ├── testfeat.js
│   │   │   │   ├── text-decoration.js
│   │   │   │   ├── text-emphasis.js
│   │   │   │   ├── text-overflow.js
│   │   │   │   ├── text-size-adjust.js
│   │   │   │   ├── text-stroke.js
│   │   │   │   ├── textcontent.js
│   │   │   │   ├── textencoder.js
│   │   │   │   ├── tls1-1.js
│   │   │   │   ├── tls1-2.js
│   │   │   │   ├── tls1-3.js
│   │   │   │   ├── touch.js
│   │   │   │   ├── transforms2d.js
│   │   │   │   ├── transforms3d.js
│   │   │   │   ├── trusted-types.js
│   │   │   │   ├── ttf.js
│   │   │   │   ├── typedarrays.js
│   │   │   │   ├── u2f.js
│   │   │   │   ├── unhandledrejection.js
│   │   │   │   ├── upgradeinsecurerequests.js
│   │   │   │   ├── url-scroll-to-text-fragment.js
│   │   │   │   ├── url.js
│   │   │   │   ├── urlsearchparams.js
│   │   │   │   ├── use-strict.js
│   │   │   │   ├── user-select-none.js
│   │   │   │   ├── user-timing.js
│   │   │   │   ├── variable-fonts.js
│   │   │   │   ├── vector-effect.js
│   │   │   │   ├── vibration.js
│   │   │   │   ├── video.js
│   │   │   │   ├── videotracks.js
│   │   │   │   ├── view-transitions.js
│   │   │   │   ├── viewport-unit-variants.js
│   │   │   │   ├── viewport-units.js
│   │   │   │   ├── wai-aria.js
│   │   │   │   ├── wake-lock.js
│   │   │   │   ├── wasm-bigint.js
│   │   │   │   ├── wasm-bulk-memory.js
│   │   │   │   ├── wasm-extended-const.js
│   │   │   │   ├── wasm-gc.js
│   │   │   │   ├── wasm-multi-memory.js
│   │   │   │   ├── wasm-multi-value.js
│   │   │   │   ├── wasm-mutable-globals.js
│   │   │   │   ├── wasm-nontrapping-fptoint.js
│   │   │   │   ├── wasm-reference-types.js
│   │   │   │   ├── wasm-relaxed-simd.js
│   │   │   │   ├── wasm-signext.js
│   │   │   │   ├── wasm-simd.js
│   │   │   │   ├── wasm-tail-calls.js
│   │   │   │   ├── wasm-threads.js
│   │   │   │   ├── wasm.js
│   │   │   │   ├── wav.js
│   │   │   │   ├── wbr-element.js
│   │   │   │   ├── web-animation.js
│   │   │   │   ├── web-app-manifest.js
│   │   │   │   ├── web-bluetooth.js
│   │   │   │   ├── web-serial.js
│   │   │   │   ├── web-share.js
│   │   │   │   ├── webauthn.js
│   │   │   │   ├── webcodecs.js
│   │   │   │   ├── webgl.js
│   │   │   │   ├── webgl2.js
│   │   │   │   ├── webgpu.js
│   │   │   │   ├── webhid.js
│   │   │   │   ├── webkit-user-drag.js
│   │   │   │   ├── webm.js
│   │   │   │   ├── webnfc.js
│   │   │   │   ├── webp.js
│   │   │   │   ├── websockets.js
│   │   │   │   ├── webtransport.js
│   │   │   │   ├── webusb.js
│   │   │   │   ├── webvr.js
│   │   │   │   ├── webvtt.js
│   │   │   │   ├── webworkers.js
│   │   │   │   ├── webxr.js
│   │   │   │   ├── will-change.js
│   │   │   │   ├── woff.js
│   │   │   │   ├── woff2.js
│   │   │   │   ├── word-break.js
│   │   │   │   ├── wordwrap.js
│   │   │   │   ├── x-doc-messaging.js
│   │   │   │   ├── x-frame-options.js
│   │   │   │   ├── xhr2.js
│   │   │   │   ├── xhtml.js
│   │   │   │   ├── xhtmlsmil.js
│   │   │   │   ├── xml-serializer.js
│   │   │   │   └── zstd.js
│   │   │   ├── features.js
│   │   │   └── regions
│   │   │       ├── AD.js
│   │   │       ├── AE.js
│   │   │       ├── AF.js
│   │   │       ├── AG.js
│   │   │       ├── AI.js
│   │   │       ├── AL.js
│   │   │       ├── AM.js
│   │   │       ├── AO.js
│   │   │       ├── AR.js
│   │   │       ├── AS.js
│   │   │       ├── AT.js
│   │   │       ├── AU.js
│   │   │       ├── AW.js
│   │   │       ├── AX.js
│   │   │       ├── AZ.js
│   │   │       ├── BA.js
│   │   │       ├── BB.js
│   │   │       ├── BD.js
│   │   │       ├── BE.js
│   │   │       ├── BF.js
│   │   │       ├── BG.js
│   │   │       ├── BH.js
│   │   │       ├── BI.js
│   │   │       ├── BJ.js
│   │   │       ├── BM.js
│   │   │       ├── BN.js
│   │   │       ├── BO.js
│   │   │       ├── BR.js
│   │   │       ├── BS.js
│   │   │       ├── BT.js
│   │   │       ├── BW.js
│   │   │       ├── BY.js
│   │   │       ├── BZ.js
│   │   │       ├── CA.js
│   │   │       ├── CD.js
│   │   │       ├── CF.js
│   │   │       ├── CG.js
│   │   │       ├── CH.js
│   │   │       ├── CI.js
│   │   │       ├── CK.js
│   │   │       ├── CL.js
│   │   │       ├── CM.js
│   │   │       ├── CN.js
│   │   │       ├── CO.js
│   │   │       ├── CR.js
│   │   │       ├── CU.js
│   │   │       ├── CV.js
│   │   │       ├── CX.js
│   │   │       ├── CY.js
│   │   │       ├── CZ.js
│   │   │       ├── DE.js
│   │   │       ├── DJ.js
│   │   │       ├── DK.js
│   │   │       ├── DM.js
│   │   │       ├── DO.js
│   │   │       ├── DZ.js
│   │   │       ├── EC.js
│   │   │       ├── EE.js
│   │   │       ├── EG.js
│   │   │       ├── ER.js
│   │   │       ├── ES.js
│   │   │       ├── ET.js
│   │   │       ├── FI.js
│   │   │       ├── FJ.js
│   │   │       ├── FK.js
│   │   │       ├── FM.js
│   │   │       ├── FO.js
│   │   │       ├── FR.js
│   │   │       ├── GA.js
│   │   │       ├── GB.js
│   │   │       ├── GD.js
│   │   │       ├── GE.js
│   │   │       ├── GF.js
│   │   │       ├── GG.js
│   │   │       ├── GH.js
│   │   │       ├── GI.js
│   │   │       ├── GL.js
│   │   │       ├── GM.js
│   │   │       ├── GN.js
│   │   │       ├── GP.js
│   │   │       ├── GQ.js
│   │   │       ├── GR.js
│   │   │       ├── GT.js
│   │   │       ├── GU.js
│   │   │       ├── GW.js
│   │   │       ├── GY.js
│   │   │       ├── HK.js
│   │   │       ├── HN.js
│   │   │       ├── HR.js
│   │   │       ├── HT.js
│   │   │       ├── HU.js
│   │   │       ├── ID.js
│   │   │       ├── IE.js
│   │   │       ├── IL.js
│   │   │       ├── IM.js
│   │   │       ├── IN.js
│   │   │       ├── IQ.js
│   │   │       ├── IR.js
│   │   │       ├── IS.js
│   │   │       ├── IT.js
│   │   │       ├── JE.js
│   │   │       ├── JM.js
│   │   │       ├── JO.js
│   │   │       ├── JP.js
│   │   │       ├── KE.js
│   │   │       ├── KG.js
│   │   │       ├── KH.js
│   │   │       ├── KI.js
│   │   │       ├── KM.js
│   │   │       ├── KN.js
│   │   │       ├── KP.js
│   │   │       ├── KR.js
│   │   │       ├── KW.js
│   │   │       ├── KY.js
│   │   │       ├── KZ.js
│   │   │       ├── LA.js
│   │   │       ├── LB.js
│   │   │       ├── LC.js
│   │   │       ├── LI.js
│   │   │       ├── LK.js
│   │   │       ├── LR.js
│   │   │       ├── LS.js
│   │   │       ├── LT.js
│   │   │       ├── LU.js
│   │   │       ├── LV.js
│   │   │       ├── LY.js
│   │   │       ├── MA.js
│   │   │       ├── MC.js
│   │   │       ├── MD.js
│   │   │       ├── ME.js
│   │   │       ├── MG.js
│   │   │       ├── MH.js
│   │   │       ├── MK.js
│   │   │       ├── ML.js
│   │   │       ├── MM.js
│   │   │       ├── MN.js
│   │   │       ├── MO.js
│   │   │       ├── MP.js
│   │   │       ├── MQ.js
│   │   │       ├── MR.js
│   │   │       ├── MS.js
│   │   │       ├── MT.js
│   │   │       ├── MU.js
│   │   │       ├── MV.js
│   │   │       ├── MW.js
│   │   │       ├── MX.js
│   │   │       ├── MY.js
│   │   │       ├── MZ.js
│   │   │       ├── NA.js
│   │   │       ├── NC.js
│   │   │       ├── NE.js
│   │   │       ├── NF.js
│   │   │       ├── NG.js
│   │   │       ├── NI.js
│   │   │       ├── NL.js
│   │   │       ├── NO.js
│   │   │       ├── NP.js
│   │   │       ├── NR.js
│   │   │       ├── NU.js
│   │   │       ├── NZ.js
│   │   │       ├── OM.js
│   │   │       ├── PA.js
│   │   │       ├── PE.js
│   │   │       ├── PF.js
│   │   │       ├── PG.js
│   │   │       ├── PH.js
│   │   │       ├── PK.js
│   │   │       ├── PL.js
│   │   │       ├── PM.js
│   │   │       ├── PN.js
│   │   │       ├── PR.js
│   │   │       ├── PS.js
│   │   │       ├── PT.js
│   │   │       ├── PW.js
│   │   │       ├── PY.js
│   │   │       ├── QA.js
│   │   │       ├── RE.js
│   │   │       ├── RO.js
│   │   │       ├── RS.js
│   │   │       ├── RU.js
│   │   │       ├── RW.js
│   │   │       ├── SA.js
│   │   │       ├── SB.js
│   │   │       ├── SC.js
│   │   │       ├── SD.js
│   │   │       ├── SE.js
│   │   │       ├── SG.js
│   │   │       ├── SH.js
│   │   │       ├── SI.js
│   │   │       ├── SK.js
│   │   │       ├── SL.js
│   │   │       ├── SM.js
│   │   │       ├── SN.js
│   │   │       ├── SO.js
│   │   │       ├── SR.js
│   │   │       ├── ST.js
│   │   │       ├── SV.js
│   │   │       ├── SY.js
│   │   │       ├── SZ.js
│   │   │       ├── TC.js
│   │   │       ├── TD.js
│   │   │       ├── TG.js
│   │   │       ├── TH.js
│   │   │       ├── TJ.js
│   │   │       ├── TL.js
│   │   │       ├── TM.js
│   │   │       ├── TN.js
│   │   │       ├── TO.js
│   │   │       ├── TR.js
│   │   │       ├── TT.js
│   │   │       ├── TV.js
│   │   │       ├── TW.js
│   │   │       ├── TZ.js
│   │   │       ├── UA.js
│   │   │       ├── UG.js
│   │   │       ├── US.js
│   │   │       ├── UY.js
│   │   │       ├── UZ.js
│   │   │       ├── VA.js
│   │   │       ├── VC.js
│   │   │       ├── VE.js
│   │   │       ├── VG.js
│   │   │       ├── VI.js
│   │   │       ├── VN.js
│   │   │       ├── VU.js
│   │   │       ├── WF.js
│   │   │       ├── WS.js
│   │   │       ├── YE.js
│   │   │       ├── YT.js
│   │   │       ├── ZA.js
│   │   │       ├── ZM.js
│   │   │       ├── ZW.js
│   │   │       ├── alt-af.js
│   │   │       ├── alt-an.js
│   │   │       ├── alt-as.js
│   │   │       ├── alt-eu.js
│   │   │       ├── alt-na.js
│   │   │       ├── alt-oc.js
│   │   │       ├── alt-sa.js
│   │   │       └── alt-ww.js
│   │   ├── dist
│   │   │   ├── lib
│   │   │   │   ├── statuses.js
│   │   │   │   └── supported.js
│   │   │   └── unpacker
│   │   │       ├── agents.js
│   │   │       ├── browserVersions.js
│   │   │       ├── browsers.js
│   │   │       ├── feature.js
│   │   │       ├── features.js
│   │   │       ├── index.js
│   │   │       └── region.js
│   │   └── package.json
│   ├── chalk
│   │   ├── index.d.ts
│   │   ├── license
│   │   ├── package.json
│   │   ├── readme.md
│   │   └── source
│   │       ├── index.js
│   │       ├── templates.js
│   │       └── util.js
│   ├── char-regex
│   │   ├── LICENSE
│   │   ├── README.md
│   │   ├── index.d.ts
│   │   ├── index.js
│   │   └── package.json
│   ├── ci-info
│   │   ├── CHANGELOG.md
│   │   ├── LICENSE
│   │   ├── README.md
│   │   ├── index.d.ts
│   │   ├── index.js
│   │   ├── package.json
│   │   └── vendors.json
│   ├── cjs-module-lexer
│   │   ├── LICENSE
│   │   ├── README.md
│   │   ├── dist
│   │   │   ├── lexer.js
│   │   │   └── lexer.mjs
│   │   ├── lexer.d.ts
│   │   ├── lexer.js
│   │   └── package.json
│   ├── cliui
│   │   ├── CHANGELOG.md
│   │   ├── LICENSE.txt
│   │   ├── README.md
│   │   ├── build
│   │   │   ├── index.cjs
│   │   │   ├── index.d.cts
│   │   │   └── lib
│   │   │       ├── index.js
│   │   │       └── string-utils.js
│   │   ├── index.mjs
│   │   ├── node_modules
│   │   │   ├── ansi-regex
│   │   │   │   ├── index.d.ts
│   │   │   │   ├── index.js
│   │   │   │   ├── license
│   │   │   │   ├── package.json
│   │   │   │   └── readme.md
│   │   │   ├── emoji-regex
│   │   │   │   ├── LICENSE-MIT.txt
│   │   │   │   ├── README.md
│   │   │   │   ├── es2015
│   │   │   │   │   ├── index.js
│   │   │   │   │   └── text.js
│   │   │   │   ├── index.d.ts
│   │   │   │   ├── index.js
│   │   │   │   ├── package.json
│   │   │   │   └── text.js
│   │   │   ├── string-width
│   │   │   │   ├── index.d.ts
│   │   │   │   ├── index.js
│   │   │   │   ├── license
│   │   │   │   ├── package.json
│   │   │   │   └── readme.md
│   │   │   ├── strip-ansi
│   │   │   │   ├── index.d.ts
│   │   │   │   ├── index.js
│   │   │   │   ├── license
│   │   │   │   ├── package.json
│   │   │   │   └── readme.md
│   │   │   └── wrap-ansi
│   │   │       ├── index.js
│   │   │       ├── license
│   │   │       ├── package.json
│   │   │       └── readme.md
│   │   └── package.json
│   ├── co
│   │   ├── History.md
│   │   ├── LICENSE
│   │   ├── Readme.md
│   │   ├── index.js
│   │   └── package.json
│   ├── collect-v8-coverage
│   │   ├── CHANGELOG.md
│   │   ├── LICENSE
│   │   ├── README.md
│   │   ├── index.d.ts
│   │   ├── index.js
│   │   └── package.json
│   ├── color-convert
│   │   ├── CHANGELOG.md
│   │   ├── LICENSE
│   │   ├── README.md
│   │   ├── conversions.js
│   │   ├── index.js
│   │   ├── package.json
│   │   └── route.js
│   ├── color-name
│   │   ├── LICENSE
│   │   ├── README.md
│   │   ├── index.js
│   │   └── package.json
│   ├── concat-map
│   │   ├── LICENSE
│   │   ├── README.markdown
│   │   ├── example
│   │   │   └── map.js
│   │   ├── index.js
│   │   ├── package.json
│   │   └── test
│   │       └── map.js
│   ├── convert-source-map
│   │   ├── LICENSE
│   │   ├── README.md
│   │   ├── index.js
│   │   └── package.json
│   ├── cross-spawn
│   │   ├── LICENSE
│   │   ├── README.md
│   │   ├── index.js
│   │   ├── lib
│   │   │   ├── enoent.js
│   │   │   ├── parse.js
│   │   │   └── util
│   │   │       ├── escape.js
│   │   │       ├── readShebang.js
│   │   │       └── resolveCommand.js
│   │   └── package.json
│   ├── debug
│   │   ├── LICENSE
│   │   ├── README.md
│   │   ├── package.json
│   │   └── src
│   │       ├── browser.js
│   │       ├── common.js
│   │       ├── index.js
│   │       └── node.js
│   ├── dedent
│   │   ├── LICENSE.md
│   │   ├── README.md
│   │   ├── dist
│   │   │   ├── dedent.d.mts
│   │   │   ├── dedent.d.ts
│   │   │   ├── dedent.js
│   │   │   └── dedent.mjs
│   │   ├── macro.js
│   │   └── package.json
│   ├── deepmerge
│   │   ├── changelog.md
│   │   ├── dist
│   │   │   ├── cjs.js
│   │   │   └── umd.js
│   │   ├── index.d.ts
│   │   ├── index.js
│   │   ├── license.txt
│   │   ├── package.json
│   │   ├── readme.md
│   │   └── rollup.config.js
│   ├── detect-newline
│   │   ├── index.d.ts
│   │   ├── index.js
│   │   ├── license
│   │   ├── package.json
│   │   └── readme.md
│   ├── eastasianwidth
│   │   ├── README.md
│   │   ├── eastasianwidth.js
│   │   └── package.json
│   ├── ecdsa-sig-formatter
│   │   ├── CODEOWNERS
│   │   ├── LICENSE
│   │   ├── README.md
│   │   ├── package.json
│   │   └── src
│   │       ├── ecdsa-sig-formatter.d.ts
│   │       ├── ecdsa-sig-formatter.js
│   │       └── param-bytes-for-alg.js
│   ├── electron-to-chromium
│   │   ├── LICENSE
│   │   ├── README.md
│   │   ├── chromium-versions.js
│   │   ├── chromium-versions.json
│   │   ├── full-chromium-versions.js
│   │   ├── full-chromium-versions.json
│   │   ├── full-versions.js
│   │   ├── full-versions.json
│   │   ├── index.js
│   │   ├── package.json
│   │   ├── versions.js
│   │   └── versions.json
│   ├── emittery
│   │   ├── index.d.ts
│   │   ├── index.js
│   │   ├── license
│   │   ├── maps.js
│   │   ├── package.json
│   │   └── readme.md
│   ├── emoji-regex
│   │   ├── LICENSE-MIT.txt
│   │   ├── README.md
│   │   ├── RGI_Emoji.d.ts
│   │   ├── RGI_Emoji.js
│   │   ├── es2015
│   │   │   ├── RGI_Emoji.d.ts
│   │   │   ├── RGI_Emoji.js
│   │   │   ├── index.d.ts
│   │   │   ├── index.js
│   │   │   ├── text.d.ts
│   │   │   └── text.js
│   │   ├── index.d.ts
│   │   ├── index.js
│   │   ├── package.json
│   │   ├── text.d.ts
│   │   └── text.js
│   ├── error-ex
│   │   ├── LICENSE
│   │   ├── README.md
│   │   ├── index.js
│   │   └── package.json
│   ├── escalade
│   │   ├── dist
│   │   │   ├── index.js
│   │   │   └── index.mjs
│   │   ├── index.d.mts
│   │   ├── index.d.ts
│   │   ├── license
│   │   ├── package.json
│   │   ├── readme.md
│   │   └── sync
│   │       ├── index.d.mts
│   │       ├── index.d.ts
│   │       ├── index.js
│   │       └── index.mjs
│   ├── escape-string-regexp
│   │   ├── index.d.ts
│   │   ├── index.js
│   │   ├── license
│   │   ├── package.json
│   │   └── readme.md
│   ├── esprima
│   │   ├── ChangeLog
│   │   ├── LICENSE.BSD
│   │   ├── README.md
│   │   ├── bin
│   │   │   ├── esparse.js
│   │   │   └── esvalidate.js
│   │   ├── dist
│   │   │   └── esprima.js
│   │   └── package.json
│   ├── execa
│   │   ├── index.d.ts
│   │   ├── index.js
│   │   ├── lib
│   │   │   ├── command.js
│   │   │   ├── error.js
│   │   │   ├── kill.js
│   │   │   ├── promise.js
│   │   │   ├── stdio.js
│   │   │   └── stream.js
│   │   ├── license
│   │   ├── node_modules
│   │   │   └── signal-exit
│   │   │       ├── LICENSE.txt
│   │   │       ├── README.md
│   │   │       ├── index.js
│   │   │       ├── package.json
│   │   │       └── signals.js
│   │   ├── package.json
│   │   └── readme.md
│   ├── exit-x
│   │   ├── Gruntfile.js
│   │   ├── LICENSE-MIT
│   │   ├── README.md
│   │   ├── lib
│   │   │   ├── exit.d.ts
│   │   │   └── exit.js
│   │   ├── package.json
│   │   └── test
│   │       ├── exit_test.js
│   │       └── fixtures
│   │           ├── 10-stderr.txt
│   │           ├── 10-stdout-stderr.txt
│   │           ├── 10-stdout.txt
│   │           ├── 100-stderr.txt
│   │           ├── 100-stdout-stderr.txt
│   │           ├── 100-stdout.txt
│   │           ├── 1000-stderr.txt
│   │           ├── 1000-stdout-stderr.txt
│   │           ├── 1000-stdout.txt
│   │           ├── create-files.sh
│   │           ├── log-broken.js
│   │           └── log.js
│   ├── expect
│   │   ├── LICENSE
│   │   ├── README.md
│   │   ├── build
│   │   │   ├── index.d.ts
│   │   │   ├── index.js
│   │   │   └── index.mjs
│   │   └── package.json
│   ├── fast-json-stable-stringify
│   │   ├── LICENSE
│   │   ├── README.md
│   │   ├── benchmark
│   │   │   ├── index.js
│   │   │   └── test.json
│   │   ├── example
│   │   │   ├── key_cmp.js
│   │   │   ├── nested.js
│   │   │   ├── str.js
│   │   │   └── value_cmp.js
│   │   ├── index.d.ts
│   │   ├── index.js
│   │   ├── package.json
│   │   └── test
│   │       ├── cmp.js
│   │       ├── nested.js
│   │       ├── str.js
│   │       └── to-json.js
│   ├── fb-watchman
│   │   ├── README.md
│   │   ├── index.js
│   │   └── package.json
│   ├── find-up
│   │   ├── index.d.ts
│   │   ├── index.js
│   │   ├── license
│   │   ├── package.json
│   │   └── readme.md
│   ├── foreground-child
│   │   ├── LICENSE
│   │   ├── README.md
│   │   ├── dist
│   │   │   ├── commonjs
│   │   │   │   ├── all-signals.d.ts
│   │   │   │   ├── all-signals.d.ts.map
│   │   │   │   ├── all-signals.js
│   │   │   │   ├── all-signals.js.map
│   │   │   │   ├── index.d.ts
│   │   │   │   ├── index.d.ts.map
│   │   │   │   ├── index.js
│   │   │   │   ├── index.js.map
│   │   │   │   ├── package.json
│   │   │   │   ├── proxy-signals.d.ts
│   │   │   │   ├── proxy-signals.d.ts.map
│   │   │   │   ├── proxy-signals.js
│   │   │   │   ├── proxy-signals.js.map
│   │   │   │   ├── watchdog.d.ts
│   │   │   │   ├── watchdog.d.ts.map
│   │   │   │   ├── watchdog.js
│   │   │   │   └── watchdog.js.map
│   │   │   └── esm
│   │   │       ├── all-signals.d.ts
│   │   │       ├── all-signals.d.ts.map
│   │   │       ├── all-signals.js
│   │   │       ├── all-signals.js.map
│   │   │       ├── index.d.ts
│   │   │       ├── index.d.ts.map
│   │   │       ├── index.js
│   │   │       ├── index.js.map
│   │   │       ├── package.json
│   │   │       ├── proxy-signals.d.ts
│   │   │       ├── proxy-signals.d.ts.map
│   │   │       ├── proxy-signals.js
│   │   │       ├── proxy-signals.js.map
│   │   │       ├── watchdog.d.ts
│   │   │       ├── watchdog.d.ts.map
│   │   │       ├── watchdog.js
│   │   │       └── watchdog.js.map
│   │   └── package.json
│   ├── fs.realpath
│   │   ├── LICENSE
│   │   ├── README.md
│   │   ├── index.js
│   │   ├── old.js
│   │   └── package.json
│   ├── gensync
│   │   ├── LICENSE
│   │   ├── README.md
│   │   ├── index.js
│   │   ├── index.js.flow
│   │   ├── package.json
│   │   └── test
│   │       └── index.test.js
│   ├── get-caller-file
│   │   ├── LICENSE.md
│   │   ├── README.md
│   │   ├── index.d.ts
│   │   ├── index.js
│   │   ├── index.js.map
│   │   └── package.json
│   ├── get-package-type
│   │   ├── CHANGELOG.md
│   │   ├── LICENSE
│   │   ├── README.md
│   │   ├── async.cjs
│   │   ├── cache.cjs
│   │   ├── index.cjs
│   │   ├── is-node-modules.cjs
│   │   ├── package.json
│   │   └── sync.cjs
│   ├── get-stream
│   │   ├── buffer-stream.js
│   │   ├── index.d.ts
│   │   ├── index.js
│   │   ├── license
│   │   ├── package.json
│   │   └── readme.md
│   ├── glob
│   │   ├── LICENSE
│   │   ├── README.md
│   │   ├── dist
│   │   │   ├── commonjs
│   │   │   │   ├── glob.d.ts
│   │   │   │   ├── glob.d.ts.map
│   │   │   │   ├── glob.js
│   │   │   │   ├── glob.js.map
│   │   │   │   ├── has-magic.d.ts
│   │   │   │   ├── has-magic.d.ts.map
│   │   │   │   ├── has-magic.js
│   │   │   │   ├── has-magic.js.map
│   │   │   │   ├── ignore.d.ts
│   │   │   │   ├── ignore.d.ts.map
│   │   │   │   ├── ignore.js
│   │   │   │   ├── ignore.js.map
│   │   │   │   ├── index.d.ts
│   │   │   │   ├── index.d.ts.map
│   │   │   │   ├── index.js
│   │   │   │   ├── index.js.map
│   │   │   │   ├── package.json
│   │   │   │   ├── pattern.d.ts
│   │   │   │   ├── pattern.d.ts.map
│   │   │   │   ├── pattern.js
│   │   │   │   ├── pattern.js.map
│   │   │   │   ├── processor.d.ts
│   │   │   │   ├── processor.d.ts.map
│   │   │   │   ├── processor.js
│   │   │   │   ├── processor.js.map
│   │   │   │   ├── walker.d.ts
│   │   │   │   ├── walker.d.ts.map
│   │   │   │   ├── walker.js
│   │   │   │   └── walker.js.map
│   │   │   └── esm
│   │   │       ├── bin.d.mts
│   │   │       ├── bin.d.mts.map
│   │   │       ├── bin.mjs
│   │   │       ├── bin.mjs.map
│   │   │       ├── glob.d.ts
│   │   │       ├── glob.d.ts.map
│   │   │       ├── glob.js
│   │   │       ├── glob.js.map
│   │   │       ├── has-magic.d.ts
│   │   │       ├── has-magic.d.ts.map
│   │   │       ├── has-magic.js
│   │   │       ├── has-magic.js.map
│   │   │       ├── ignore.d.ts
│   │   │       ├── ignore.d.ts.map
│   │   │       ├── ignore.js
│   │   │       ├── ignore.js.map
│   │   │       ├── index.d.ts
│   │   │       ├── index.d.ts.map
│   │   │       ├── index.js
│   │   │       ├── index.js.map
│   │   │       ├── package.json
│   │   │       ├── pattern.d.ts
│   │   │       ├── pattern.d.ts.map
│   │   │       ├── pattern.js
│   │   │       ├── pattern.js.map
│   │   │       ├── processor.d.ts
│   │   │       ├── processor.d.ts.map
│   │   │       ├── processor.js
│   │   │       ├── processor.js.map
│   │   │       ├── walker.d.ts
│   │   │       ├── walker.d.ts.map
│   │   │       ├── walker.js
│   │   │       └── walker.js.map
│   │   └── package.json
│   ├── graceful-fs
│   │   ├── LICENSE
│   │   ├── README.md
│   │   ├── clone.js
│   │   ├── graceful-fs.js
│   │   ├── legacy-streams.js
│   │   ├── package.json
│   │   └── polyfills.js
│   ├── handlebars
│   │   ├── LICENSE
│   │   ├── README.markdown
│   │   ├── bin
│   │   │   └── handlebars
│   │   ├── dist
│   │   │   ├── amd
│   │   │   │   ├── handlebars
│   │   │   │   │   ├── base.js
│   │   │   │   │   ├── compiler
│   │   │   │   │   │   ├── ast.js
│   │   │   │   │   │   ├── base.js
│   │   │   │   │   │   ├── code-gen.js
│   │   │   │   │   │   ├── compiler.js
│   │   │   │   │   │   ├── helpers.js
│   │   │   │   │   │   ├── javascript-compiler.js
│   │   │   │   │   │   ├── parser.js
│   │   │   │   │   │   ├── printer.js
│   │   │   │   │   │   ├── visitor.js
│   │   │   │   │   │   └── whitespace-control.js
│   │   │   │   │   ├── decorators
│   │   │   │   │   │   └── inline.js
│   │   │   │   │   ├── decorators.js
│   │   │   │   │   ├── exception.js
│   │   │   │   │   ├── helpers
│   │   │   │   │   │   ├── block-helper-missing.js
│   │   │   │   │   │   ├── each.js
│   │   │   │   │   │   ├── helper-missing.js
│   │   │   │   │   │   ├── if.js
│   │   │   │   │   │   ├── log.js
│   │   │   │   │   │   ├── lookup.js
│   │   │   │   │   │   └── with.js
│   │   │   │   │   ├── helpers.js
│   │   │   │   │   ├── internal
│   │   │   │   │   │   ├── proto-access.js
│   │   │   │   │   │   └── wrapHelper.js
│   │   │   │   │   ├── logger.js
│   │   │   │   │   ├── no-conflict.js
│   │   │   │   │   ├── runtime.js
│   │   │   │   │   ├── safe-string.js
│   │   │   │   │   └── utils.js
│   │   │   │   ├── handlebars.js
│   │   │   │   ├── handlebars.runtime.js
│   │   │   │   └── precompiler.js
│   │   │   ├── cjs
│   │   │   │   ├── handlebars
│   │   │   │   │   ├── base.js
│   │   │   │   │   ├── compiler
│   │   │   │   │   │   ├── ast.js
│   │   │   │   │   │   ├── base.js
│   │   │   │   │   │   ├── code-gen.js
│   │   │   │   │   │   ├── compiler.js
│   │   │   │   │   │   ├── helpers.js
│   │   │   │   │   │   ├── javascript-compiler.js
│   │   │   │   │   │   ├── parser.js
│   │   │   │   │   │   ├── printer.js
│   │   │   │   │   │   ├── visitor.js
│   │   │   │   │   │   └── whitespace-control.js
│   │   │   │   │   ├── decorators
│   │   │   │   │   │   └── inline.js
│   │   │   │   │   ├── decorators.js
│   │   │   │   │   ├── exception.js
│   │   │   │   │   ├── helpers
│   │   │   │   │   │   ├── block-helper-missing.js
│   │   │   │   │   │   ├── each.js
│   │   │   │   │   │   ├── helper-missing.js
│   │   │   │   │   │   ├── if.js
│   │   │   │   │   │   ├── log.js
│   │   │   │   │   │   ├── lookup.js
│   │   │   │   │   │   └── with.js
│   │   │   │   │   ├── helpers.js
│   │   │   │   │   ├── internal
│   │   │   │   │   │   ├── proto-access.js
│   │   │   │   │   │   └── wrapHelper.js
│   │   │   │   │   ├── logger.js
│   │   │   │   │   ├── no-conflict.js
│   │   │   │   │   ├── runtime.js
│   │   │   │   │   ├── safe-string.js
│   │   │   │   │   └── utils.js
│   │   │   │   ├── handlebars.js
│   │   │   │   ├── handlebars.runtime.js
│   │   │   │   └── precompiler.js
│   │   │   ├── handlebars.amd.js
│   │   │   ├── handlebars.amd.min.js
│   │   │   ├── handlebars.js
│   │   │   ├── handlebars.min.js
│   │   │   ├── handlebars.runtime.amd.js
│   │   │   ├── handlebars.runtime.amd.min.js
│   │   │   ├── handlebars.runtime.js
│   │   │   └── handlebars.runtime.min.js
│   │   ├── lib
│   │   │   ├── handlebars
│   │   │   │   ├── base.js
│   │   │   │   ├── compiler
│   │   │   │   │   ├── ast.js
│   │   │   │   │   ├── base.js
│   │   │   │   │   ├── code-gen.js
│   │   │   │   │   ├── compiler.js
│   │   │   │   │   ├── helpers.js
│   │   │   │   │   ├── javascript-compiler.js
│   │   │   │   │   ├── parser.js
│   │   │   │   │   ├── printer.js
│   │   │   │   │   ├── visitor.js
│   │   │   │   │   └── whitespace-control.js
│   │   │   │   ├── decorators
│   │   │   │   │   └── inline.js
│   │   │   │   ├── decorators.js
│   │   │   │   ├── exception.js
│   │   │   │   ├── helpers
│   │   │   │   │   ├── block-helper-missing.js
│   │   │   │   │   ├── each.js
│   │   │   │   │   ├── helper-missing.js
│   │   │   │   │   ├── if.js
│   │   │   │   │   ├── log.js
│   │   │   │   │   ├── lookup.js
│   │   │   │   │   └── with.js
│   │   │   │   ├── helpers.js
│   │   │   │   ├── internal
│   │   │   │   │   ├── proto-access.js
│   │   │   │   │   └── wrapHelper.js
│   │   │   │   ├── logger.js
│   │   │   │   ├── no-conflict.js
│   │   │   │   ├── runtime.js
│   │   │   │   ├── safe-string.js
│   │   │   │   └── utils.js
│   │   │   ├── handlebars.js
│   │   │   ├── handlebars.runtime.js
│   │   │   ├── index.js
│   │   │   └── precompiler.js
│   │   ├── package.json
│   │   ├── release-notes.md
│   │   ├── runtime.d.ts
│   │   ├── runtime.js
│   │   └── types
│   │       └── index.d.ts
│   ├── has-flag
│   │   ├── index.d.ts
│   │   ├── index.js
│   │   ├── license
│   │   ├── package.json
│   │   └── readme.md
│   ├── html-escaper
│   │   ├── LICENSE.txt
│   │   ├── README.md
│   │   ├── cjs
│   │   │   ├── index.js
│   │   │   └── package.json
│   │   ├── esm
│   │   │   └── index.js
│   │   ├── index.js
│   │   ├── min.js
│   │   ├── package.json
│   │   └── test
│   │       ├── index.js
│   │       └── package.json
│   ├── human-signals
│   │   ├── CHANGELOG.md
│   │   ├── LICENSE
│   │   ├── README.md
│   │   ├── build
│   │   │   └── src
│   │   │       ├── core.js
│   │   │       ├── core.js.map
│   │   │       ├── main.d.ts
│   │   │       ├── main.js
│   │   │       ├── main.js.map
│   │   │       ├── realtime.js
│   │   │       ├── realtime.js.map
│   │   │       ├── signals.js
│   │   │       └── signals.js.map
│   │   └── package.json
│   ├── import-local
│   │   ├── fixtures
│   │   │   └── cli.js
│   │   ├── index.d.ts
│   │   ├── index.js
│   │   ├── license
│   │   ├── package.json
│   │   └── readme.md
│   ├── imurmurhash
│   │   ├── README.md
│   │   ├── imurmurhash.js
│   │   ├── imurmurhash.min.js
│   │   └── package.json
│   ├── inflight
│   │   ├── LICENSE
│   │   ├── README.md
│   │   ├── inflight.js
│   │   └── package.json
│   ├── inherits
│   │   ├── LICENSE
│   │   ├── README.md
│   │   ├── inherits.js
│   │   ├── inherits_browser.js
│   │   └── package.json
│   ├── is-arrayish
│   │   ├── LICENSE
│   │   ├── README.md
│   │   ├── index.js
│   │   └── package.json
│   ├── is-fullwidth-code-point
│   │   ├── index.d.ts
│   │   ├── index.js
│   │   ├── license
│   │   ├── package.json
│   │   └── readme.md
│   ├── is-generator-fn
│   │   ├── index.d.ts
│   │   ├── index.js
│   │   ├── license
│   │   ├── package.json
│   │   └── readme.md
│   ├── is-stream
│   │   ├── index.d.ts
│   │   ├── index.js
│   │   ├── license
│   │   ├── package.json
│   │   └── readme.md
│   ├── isexe
│   │   ├── LICENSE
│   │   ├── README.md
│   │   ├── index.js
│   │   ├── mode.js
│   │   ├── package.json
│   │   ├── test
│   │   │   └── basic.js
│   │   └── windows.js
│   ├── istanbul-lib-coverage
│   │   ├── CHANGELOG.md
│   │   ├── LICENSE
│   │   ├── README.md
│   │   ├── index.js
│   │   ├── lib
│   │   │   ├── coverage-map.js
│   │   │   ├── coverage-summary.js
│   │   │   ├── data-properties.js
│   │   │   ├── file-coverage.js
│   │   │   └── percent.js
│   │   └── package.json
│   ├── istanbul-lib-instrument
│   │   ├── CHANGELOG.md
│   │   ├── LICENSE
│   │   ├── README.md
│   │   ├── package.json
│   │   └── src
│   │       ├── constants.js
│   │       ├── index.js
│   │       ├── instrumenter.js
│   │       ├── read-coverage.js
│   │       ├── source-coverage.js
│   │       └── visitor.js
│   ├── istanbul-lib-report
│   │   ├── CHANGELOG.md
│   │   ├── LICENSE
│   │   ├── README.md
│   │   ├── index.js
│   │   ├── lib
│   │   │   ├── context.js
│   │   │   ├── file-writer.js
│   │   │   ├── path.js
│   │   │   ├── report-base.js
│   │   │   ├── summarizer-factory.js
│   │   │   ├── tree.js
│   │   │   ├── watermarks.js
│   │   │   └── xml-writer.js
│   │   └── package.json
│   ├── istanbul-lib-source-maps
│   │   ├── CHANGELOG.md
│   │   ├── LICENSE
│   │   ├── README.md
│   │   ├── index.js
│   │   ├── lib
│   │   │   ├── get-mapping.js
│   │   │   ├── map-store.js
│   │   │   ├── mapped.js
│   │   │   ├── pathutils.js
│   │   │   ├── transform-utils.js
│   │   │   └── transformer.js
│   │   └── package.json
│   ├── istanbul-reports
│   │   ├── CHANGELOG.md
│   │   ├── LICENSE
│   │   ├── README.md
│   │   ├── index.js
│   │   ├── lib
│   │   │   ├── clover
│   │   │   │   └── index.js
│   │   │   ├── cobertura
│   │   │   │   └── index.js
│   │   │   ├── html
│   │   │   │   ├── annotator.js
│   │   │   │   ├── assets
│   │   │   │   │   ├── base.css
│   │   │   │   │   ├── block-navigation.js
│   │   │   │   │   ├── favicon.png
│   │   │   │   │   ├── sort-arrow-sprite.png
│   │   │   │   │   ├── sorter.js
│   │   │   │   │   └── vendor
│   │   │   │   │       ├── prettify.css
│   │   │   │   │       └── prettify.js
│   │   │   │   ├── index.js
│   │   │   │   └── insertion-text.js
│   │   │   ├── html-spa
│   │   │   │   ├── assets
│   │   │   │   │   ├── bundle.js
│   │   │   │   │   ├── sort-arrow-sprite.png
│   │   │   │   │   └── spa.css
│   │   │   │   ├── index.js
│   │   │   │   ├── src
│   │   │   │   │   ├── fileBreadcrumbs.js
│   │   │   │   │   ├── filterToggle.js
│   │   │   │   │   ├── flattenToggle.js
│   │   │   │   │   ├── getChildData.js
│   │   │   │   │   ├── index.js
│   │   │   │   │   ├── routing.js
│   │   │   │   │   ├── summaryHeader.js
│   │   │   │   │   ├── summaryTableHeader.js
│   │   │   │   │   └── summaryTableLine.js
│   │   │   │   └── webpack.config.js
│   │   │   ├── json
│   │   │   │   └── index.js
│   │   │   ├── json-summary
│   │   │   │   └── index.js
│   │   │   ├── lcov
│   │   │   │   └── index.js
│   │   │   ├── lcovonly
│   │   │   │   └── index.js
│   │   │   ├── none
│   │   │   │   └── index.js
│   │   │   ├── teamcity
│   │   │   │   └── index.js
│   │   │   ├── text
│   │   │   │   └── index.js
│   │   │   ├── text-lcov
│   │   │   │   └── index.js
│   │   │   └── text-summary
│   │   │       └── index.js
│   │   └── package.json
│   ├── jackspeak
│   │   ├── LICENSE.md
│   │   ├── README.md
│   │   ├── dist
│   │   │   ├── commonjs
│   │   │   │   ├── index.d.ts
│   │   │   │   ├── index.d.ts.map
│   │   │   │   ├── index.js
│   │   │   │   ├── index.js.map
│   │   │   │   ├── package.json
│   │   │   │   ├── parse-args-cjs.cjs.map
│   │   │   │   ├── parse-args-cjs.d.cts.map
│   │   │   │   ├── parse-args.d.ts
│   │   │   │   └── parse-args.js
│   │   │   └── esm
│   │   │       ├── index.d.ts
│   │   │       ├── index.d.ts.map
│   │   │       ├── index.js
│   │   │       ├── index.js.map
│   │   │       ├── package.json
│   │   │       ├── parse-args.d.ts
│   │   │       ├── parse-args.d.ts.map
│   │   │       ├── parse-args.js
│   │   │       └── parse-args.js.map
│   │   └── package.json
│   ├── jest
│   │   ├── LICENSE
│   │   ├── README.md
│   │   ├── bin
│   │   │   └── jest.js
│   │   ├── build
│   │   │   ├── index.d.ts
│   │   │   ├── index.js
│   │   │   └── index.mjs
│   │   └── package.json
│   ├── jest-changed-files
│   │   ├── LICENSE
│   │   ├── README.md
│   │   ├── build
│   │   │   ├── index.d.ts
│   │   │   ├── index.js
│   │   │   └── index.mjs
│   │   └── package.json
│   ├── jest-circus
│   │   ├── LICENSE
│   │   ├── README.md
│   │   ├── build
│   │   │   ├── index.d.ts
│   │   │   ├── index.js
│   │   │   ├── index.mjs
│   │   │   ├── jestAdapterInit.js
│   │   │   └── runner.js
│   │   └── package.json
│   ├── jest-cli
│   │   ├── LICENSE
│   │   ├── README.md
│   │   ├── bin
│   │   │   └── jest.js
│   │   ├── build
│   │   │   ├── index.d.ts
│   │   │   ├── index.js
│   │   │   └── index.mjs
│   │   └── package.json
│   ├── jest-config
│   │   ├── LICENSE
│   │   ├── build
│   │   │   ├── index.d.ts
│   │   │   ├── index.js
│   │   │   └── index.mjs
│   │   └── package.json
│   ├── jest-diff
│   │   ├── LICENSE
│   │   ├── README.md
│   │   ├── build
│   │   │   ├── index.d.ts
│   │   │   ├── index.js
│   │   │   └── index.mjs
│   │   └── package.json
│   ├── jest-docblock
│   │   ├── LICENSE
│   │   ├── README.md
│   │   ├── build
│   │   │   ├── index.d.mts
│   │   │   ├── index.d.ts
│   │   │   ├── index.js
│   │   │   └── index.mjs
│   │   └── package.json
│   ├── jest-each
│   │   ├── LICENSE
│   │   ├── README.md
│   │   ├── build
│   │   │   ├── index.d.ts
│   │   │   ├── index.js
│   │   │   └── index.mjs
│   │   └── package.json
│   ├── jest-environment-node
│   │   ├── LICENSE
│   │   ├── build
│   │   │   ├── index.d.ts
│   │   │   ├── index.js
│   │   │   └── index.mjs
│   │   └── package.json
│   ├── jest-haste-map
│   │   ├── LICENSE
│   │   ├── README.md
│   │   ├── build
│   │   │   ├── index.d.ts
│   │   │   ├── index.js
│   │   │   ├── index.mjs
│   │   │   └── worker.js
│   │   └── package.json
│   ├── jest-leak-detector
│   │   ├── LICENSE
│   │   ├── README.md
│   │   ├── build
│   │   │   ├── index.d.ts
│   │   │   ├── index.js
│   │   │   └── index.mjs
│   │   └── package.json
│   ├── jest-matcher-utils
│   │   ├── LICENSE
│   │   ├── README.md
│   │   ├── build
│   │   │   ├── index.d.ts
│   │   │   ├── index.js
│   │   │   └── index.mjs
│   │   └── package.json
│   ├── jest-message-util
│   │   ├── LICENSE
│   │   ├── build
│   │   │   ├── index.d.ts
│   │   │   ├── index.js
│   │   │   └── index.mjs
│   │   └── package.json
│   ├── jest-mock
│   │   ├── LICENSE
│   │   ├── README.md
│   │   ├── build
│   │   │   ├── index.d.ts
│   │   │   ├── index.js
│   │   │   └── index.mjs
│   │   └── package.json
│   ├── jest-pnp-resolver
│   │   ├── README.md
│   │   ├── createRequire.js
│   │   ├── getDefaultResolver.js
│   │   ├── index.d.ts
│   │   ├── index.js
│   │   └── package.json
│   ├── jest-regex-util
│   │   ├── LICENSE
│   │   ├── build
│   │   │   ├── index.d.ts
│   │   │   ├── index.js
│   │   │   └── index.mjs
│   │   └── package.json
│   ├── jest-resolve
│   │   ├── LICENSE
│   │   ├── build
│   │   │   ├── index.d.ts
│   │   │   ├── index.js
│   │   │   └── index.mjs
│   │   └── package.json
│   ├── jest-resolve-dependencies
│   │   ├── LICENSE
│   │   ├── build
│   │   │   ├── index.d.ts
│   │   │   ├── index.js
│   │   │   └── index.mjs
│   │   └── package.json
│   ├── jest-runner
│   │   ├── LICENSE
│   │   ├── build
│   │   │   ├── index.d.ts
│   │   │   ├── index.js
│   │   │   ├── index.mjs
│   │   │   └── testWorker.js
│   │   └── package.json
│   ├── jest-runtime
│   │   ├── LICENSE
│   │   ├── build
│   │   │   ├── index.d.ts
│   │   │   ├── index.js
│   │   │   └── index.mjs
│   │   └── package.json
│   ├── jest-snapshot
│   │   ├── LICENSE
│   │   ├── build
│   │   │   ├── index.d.ts
│   │   │   ├── index.js
│   │   │   ├── index.mjs
│   │   │   └── worker.js
│   │   └── package.json
│   ├── jest-util
│   │   ├── LICENSE
│   │   ├── Readme.md
│   │   ├── build
│   │   │   ├── index.d.ts
│   │   │   ├── index.js
│   │   │   └── index.mjs
│   │   └── package.json
│   ├── jest-validate
│   │   ├── LICENSE
│   │   ├── README.md
│   │   ├── build
│   │   │   ├── index.d.ts
│   │   │   ├── index.js
│   │   │   └── index.mjs
│   │   ├── node_modules
│   │   │   └── camelcase
│   │   │       ├── index.d.ts
│   │   │       ├── index.js
│   │   │       ├── license
│   │   │       ├── package.json
│   │   │       └── readme.md
│   │   └── package.json
│   ├── jest-watcher
│   │   ├── LICENSE
│   │   ├── build
│   │   │   ├── index.d.ts
│   │   │   ├── index.js
│   │   │   └── index.mjs
│   │   └── package.json
│   ├── jest-worker
│   │   ├── LICENSE
│   │   ├── README.md
│   │   ├── build
│   │   │   ├── index.d.ts
│   │   │   ├── index.js
│   │   │   ├── index.mjs
│   │   │   ├── processChild.js
│   │   │   └── threadChild.js
│   │   ├── node_modules
│   │   │   └── supports-color
│   │   │       ├── browser.js
│   │   │       ├── index.js
│   │   │       ├── license
│   │   │       ├── package.json
│   │   │       └── readme.md
│   │   └── package.json
│   ├── js-tokens
│   │   ├── CHANGELOG.md
│   │   ├── LICENSE
│   │   ├── README.md
│   │   ├── index.js
│   │   └── package.json
│   ├── js-yaml
│   │   ├── LICENSE
│   │   ├── README.md
│   │   ├── bin
│   │   │   └── js-yaml.js
│   │   ├── dist
│   │   │   ├── js-yaml.js
│   │   │   └── js-yaml.min.js
│   │   ├── index.js
│   │   ├── lib
│   │   │   ├── js-yaml
│   │   │   │   ├── common.js
│   │   │   │   ├── dumper.js
│   │   │   │   ├── exception.js
│   │   │   │   ├── loader.js
│   │   │   │   ├── mark.js
│   │   │   │   ├── schema
│   │   │   │   │   ├── core.js
│   │   │   │   │   ├── default_full.js
│   │   │   │   │   ├── default_safe.js
│   │   │   │   │   ├── failsafe.js
│   │   │   │   │   └── json.js
│   │   │   │   ├── schema.js
│   │   │   │   ├── type
│   │   │   │   │   ├── binary.js
│   │   │   │   │   ├── bool.js
│   │   │   │   │   ├── float.js
│   │   │   │   │   ├── int.js
│   │   │   │   │   ├── js
│   │   │   │   │   │   ├── function.js
│   │   │   │   │   │   ├── regexp.js
│   │   │   │   │   │   └── undefined.js
│   │   │   │   │   ├── map.js
│   │   │   │   │   ├── merge.js
│   │   │   │   │   ├── null.js
│   │   │   │   │   ├── omap.js
│   │   │   │   │   ├── pairs.js
│   │   │   │   │   ├── seq.js
│   │   │   │   │   ├── set.js
│   │   │   │   │   ├── str.js
│   │   │   │   │   └── timestamp.js
│   │   │   │   └── type.js
│   │   │   └── js-yaml.js
│   │   └── package.json
│   ├── jsesc
│   │   ├── LICENSE-MIT.txt
│   │   ├── README.md
│   │   ├── bin
│   │   │   └── jsesc
│   │   ├── jsesc.js
│   │   ├── man
│   │   │   └── jsesc.1
│   │   └── package.json
│   ├── json-parse-even-better-errors
│   │   ├── CHANGELOG.md
│   │   ├── LICENSE.md
│   │   ├── README.md
│   │   ├── index.js
│   │   └── package.json
│   ├── json5
│   │   ├── LICENSE.md
│   │   ├── README.md
│   │   ├── dist
│   │   │   ├── index.js
│   │   │   ├── index.min.js
│   │   │   ├── index.min.mjs
│   │   │   └── index.mjs
│   │   ├── lib
│   │   │   ├── cli.js
│   │   │   ├── index.d.ts
│   │   │   ├── index.js
│   │   │   ├── parse.d.ts
│   │   │   ├── parse.js
│   │   │   ├── register.js
│   │   │   ├── require.js
│   │   │   ├── stringify.d.ts
│   │   │   ├── stringify.js
│   │   │   ├── unicode.d.ts
│   │   │   ├── unicode.js
│   │   │   ├── util.d.ts
│   │   │   └── util.js
│   │   └── package.json
│   ├── jsonwebtoken
│   │   ├── LICENSE
│   │   ├── README.md
│   │   ├── decode.js
│   │   ├── index.js
│   │   ├── lib
│   │   │   ├── JsonWebTokenError.js
│   │   │   ├── NotBeforeError.js
│   │   │   ├── TokenExpiredError.js
│   │   │   ├── asymmetricKeyDetailsSupported.js
│   │   │   ├── psSupported.js
│   │   │   ├── rsaPssKeyDetailsSupported.js
│   │   │   ├── timespan.js
│   │   │   └── validateAsymmetricKey.js
│   │   ├── package.json
│   │   ├── sign.js
│   │   └── verify.js
│   ├── jwa
│   │   ├── LICENSE
│   │   ├── README.md
│   │   ├── index.js
│   │   ├── opslevel.yml
│   │   └── package.json
│   ├── jws
│   │   ├── CHANGELOG.md
│   │   ├── LICENSE
│   │   ├── index.js
│   │   ├── lib
│   │   │   ├── data-stream.js
│   │   │   ├── sign-stream.js
│   │   │   ├── tostring.js
│   │   │   └── verify-stream.js
│   │   ├── opslevel.yml
│   │   ├── package.json
│   │   └── readme.md
│   ├── leven
│   │   ├── index.d.ts
│   │   ├── index.js
│   │   ├── license
│   │   ├── package.json
│   │   └── readme.md
│   ├── lines-and-columns
│   │   ├── LICENSE
│   │   ├── README.md
│   │   ├── build
│   │   │   ├── index.d.ts
│   │   │   └── index.js
│   │   └── package.json
│   ├── locate-path
│   │   ├── index.d.ts
│   │   ├── index.js
│   │   ├── license
│   │   ├── package.json
│   │   └── readme.md
│   ├── lodash.includes
│   │   ├── LICENSE
│   │   ├── README.md
│   │   ├── index.js
│   │   └── package.json
│   ├── lodash.isboolean
│   │   ├── LICENSE
│   │   ├── README.md
│   │   ├── index.js
│   │   └── package.json
│   ├── lodash.isinteger
│   │   ├── LICENSE
│   │   ├── README.md
│   │   ├── index.js
│   │   └── package.json
│   ├── lodash.isnumber
│   │   ├── LICENSE
│   │   ├── README.md
│   │   ├── index.js
│   │   └── package.json
│   ├── lodash.isplainobject
│   │   ├── LICENSE
│   │   ├── README.md
│   │   ├── index.js
│   │   └── package.json
│   ├── lodash.isstring
│   │   ├── LICENSE
│   │   ├── README.md
│   │   ├── index.js
│   │   └── package.json
│   ├── lodash.memoize
│   │   ├── LICENSE
│   │   ├── README.md
│   │   ├── index.js
│   │   └── package.json
│   ├── lodash.once
│   │   ├── LICENSE
│   │   ├── README.md
│   │   ├── index.js
│   │   └── package.json
│   ├── lru-cache
│   │   ├── LICENSE
│   │   ├── README.md
│   │   ├── index.js
│   │   └── package.json
│   ├── make-dir
│   │   ├── index.d.ts
│   │   ├── index.js
│   │   ├── license
│   │   ├── package.json
│   │   └── readme.md
│   ├── make-error
│   │   ├── LICENSE
│   │   ├── README.md
│   │   ├── dist
│   │   │   └── make-error.js
│   │   ├── index.d.ts
│   │   ├── index.js
│   │   └── package.json
│   ├── makeerror
│   │   ├── lib
│   │   │   └── makeerror.js
│   │   ├── license
│   │   ├── package.json
│   │   └── readme.md
│   ├── merge-stream
│   │   ├── LICENSE
│   │   ├── README.md
│   │   ├── index.js
│   │   └── package.json
│   ├── mimic-fn
│   │   ├── index.d.ts
│   │   ├── index.js
│   │   ├── license
│   │   ├── package.json
│   │   └── readme.md
│   ├── minimatch
│   │   ├── LICENSE
│   │   ├── README.md
│   │   ├── dist
│   │   │   ├── commonjs
│   │   │   │   ├── assert-valid-pattern.d.ts
│   │   │   │   ├── assert-valid-pattern.d.ts.map
│   │   │   │   ├── assert-valid-pattern.js
│   │   │   │   ├── assert-valid-pattern.js.map
│   │   │   │   ├── ast.d.ts
│   │   │   │   ├── ast.d.ts.map
│   │   │   │   ├── ast.js
│   │   │   │   ├── ast.js.map
│   │   │   │   ├── brace-expressions.d.ts
│   │   │   │   ├── brace-expressions.d.ts.map
│   │   │   │   ├── brace-expressions.js
│   │   │   │   ├── brace-expressions.js.map
│   │   │   │   ├── escape.d.ts
│   │   │   │   ├── escape.d.ts.map
│   │   │   │   ├── escape.js
│   │   │   │   ├── escape.js.map
│   │   │   │   ├── index.d.ts
│   │   │   │   ├── index.d.ts.map
│   │   │   │   ├── index.js
│   │   │   │   ├── index.js.map
│   │   │   │   ├── package.json
│   │   │   │   ├── unescape.d.ts
│   │   │   │   ├── unescape.d.ts.map
│   │   │   │   ├── unescape.js
│   │   │   │   └── unescape.js.map
│   │   │   └── esm
│   │   │       ├── assert-valid-pattern.d.ts
│   │   │       ├── assert-valid-pattern.d.ts.map
│   │   │       ├── assert-valid-pattern.js
│   │   │       ├── assert-valid-pattern.js.map
│   │   │       ├── ast.d.ts
│   │   │       ├── ast.d.ts.map
│   │   │       ├── ast.js
│   │   │       ├── ast.js.map
│   │   │       ├── brace-expressions.d.ts
│   │   │       ├── brace-expressions.d.ts.map
│   │   │       ├── brace-expressions.js
│   │   │       ├── brace-expressions.js.map
│   │   │       ├── escape.d.ts
│   │   │       ├── escape.d.ts.map
│   │   │       ├── escape.js
│   │   │       ├── escape.js.map
│   │   │       ├── index.d.ts
│   │   │       ├── index.d.ts.map
│   │   │       ├── index.js
│   │   │       ├── index.js.map
│   │   │       ├── package.json
│   │   │       ├── unescape.d.ts
│   │   │       ├── unescape.d.ts.map
│   │   │       ├── unescape.js
│   │   │       └── unescape.js.map
│   │   └── package.json
│   ├── minimist
│   │   ├── CHANGELOG.md
│   │   ├── LICENSE
│   │   ├── README.md
│   │   ├── example
│   │   │   └── parse.js
│   │   ├── index.js
│   │   ├── package.json
│   │   └── test
│   │       ├── all_bool.js
│   │       ├── bool.js
│   │       ├── dash.js
│   │       ├── default_bool.js
│   │       ├── dotted.js
│   │       ├── kv_short.js
│   │       ├── long.js
│   │       ├── num.js
│   │       ├── parse.js
│   │       ├── parse_modified.js
│   │       ├── proto.js
│   │       ├── short.js
│   │       ├── stop_early.js
│   │       ├── unknown.js
│   │       └── whitespace.js
│   ├── minipass
│   │   ├── LICENSE.md
│   │   ├── README.md
│   │   ├── dist
│   │   │   ├── commonjs
│   │   │   │   ├── index.d.ts
│   │   │   │   ├── index.d.ts.map
│   │   │   │   ├── index.js
│   │   │   │   ├── index.js.map
│   │   │   │   └── package.json
│   │   │   └── esm
│   │   │       ├── index.d.ts
│   │   │       ├── index.d.ts.map
│   │   │       ├── index.js
│   │   │       ├── index.js.map
│   │   │       └── package.json
│   │   └── package.json
│   ├── ms
│   │   ├── index.js
│   │   ├── license.md
│   │   ├── package.json
│   │   └── readme.md
│   ├── napi-postinstall
│   │   ├── LICENSE
│   │   ├── README.md
│   │   ├── lib
│   │   │   ├── cli.d.ts
│   │   │   ├── cli.js
│   │   │   ├── cli.js.map
│   │   │   ├── constants.d.ts
│   │   │   ├── constants.js
│   │   │   ├── constants.js.map
│   │   │   ├── fallback.d.ts
│   │   │   ├── fallback.js
│   │   │   ├── fallback.js.map
│   │   │   ├── helpers.d.ts
│   │   │   ├── helpers.js
│   │   │   ├── helpers.js.map
│   │   │   ├── index.d.ts
│   │   │   ├── index.js
│   │   │   ├── index.js.map
│   │   │   ├── target.d.ts
│   │   │   ├── target.js
│   │   │   ├── target.js.map
│   │   │   ├── types.d.ts
│   │   │   ├── types.js
│   │   │   └── types.js.map
│   │   └── package.json
│   ├── natural-compare
│   │   ├── README.md
│   │   ├── index.js
│   │   └── package.json
│   ├── neo-async
│   │   ├── LICENSE
│   │   ├── README.md
│   │   ├── all.js
│   │   ├── allLimit.js
│   │   ├── allSeries.js
│   │   ├── angelFall.js
│   │   ├── any.js
│   │   ├── anyLimit.js
│   │   ├── anySeries.js
│   │   ├── apply.js
│   │   ├── applyEach.js
│   │   ├── applyEachSeries.js
│   │   ├── async.js
│   │   ├── async.min.js
│   │   ├── asyncify.js
│   │   ├── auto.js
│   │   ├── autoInject.js
│   │   ├── cargo.js
│   │   ├── compose.js
│   │   ├── concat.js
│   │   ├── concatLimit.js
│   │   ├── concatSeries.js
│   │   ├── constant.js
│   │   ├── createLogger.js
│   │   ├── detect.js
│   │   ├── detectLimit.js
│   │   ├── detectSeries.js
│   │   ├── dir.js
│   │   ├── doDuring.js
│   │   ├── doUntil.js
│   │   ├── doWhilst.js
│   │   ├── during.js
│   │   ├── each.js
│   │   ├── eachLimit.js
│   │   ├── eachOf.js
│   │   ├── eachOfLimit.js
│   │   ├── eachOfSeries.js
│   │   ├── eachSeries.js
│   │   ├── ensureAsync.js
│   │   ├── every.js
│   │   ├── everyLimit.js
│   │   ├── everySeries.js
│   │   ├── fast.js
│   │   ├── filter.js
│   │   ├── filterLimit.js
│   │   ├── filterSeries.js
│   │   ├── find.js
│   │   ├── findLimit.js
│   │   ├── findSeries.js
│   │   ├── foldl.js
│   │   ├── foldr.js
│   │   ├── forEach.js
│   │   ├── forEachLimit.js
│   │   ├── forEachOf.js
│   │   ├── forEachOfLimit.js
│   │   ├── forEachOfSeries.js
│   │   ├── forEachSeries.js
│   │   ├── forever.js
│   │   ├── groupBy.js
│   │   ├── groupByLimit.js
│   │   ├── groupBySeries.js
│   │   ├── inject.js
│   │   ├── iterator.js
│   │   ├── log.js
│   │   ├── map.js
│   │   ├── mapLimit.js
│   │   ├── mapSeries.js
│   │   ├── mapValues.js
│   │   ├── mapValuesLimit.js
│   │   ├── mapValuesSeries.js
│   │   ├── memoize.js
│   │   ├── nextTick.js
│   │   ├── omit.js
│   │   ├── omitLimit.js
│   │   ├── omitSeries.js
│   │   ├── package.json
│   │   ├── parallel.js
│   │   ├── parallelLimit.js
│   │   ├── pick.js
│   │   ├── pickLimit.js
│   │   ├── pickSeries.js
│   │   ├── priorityQueue.js
│   │   ├── queue.js
│   │   ├── race.js
│   │   ├── reduce.js
│   │   ├── reduceRight.js
│   │   ├── reflect.js
│   │   ├── reflectAll.js
│   │   ├── reject.js
│   │   ├── rejectLimit.js
│   │   ├── rejectSeries.js
│   │   ├── retry.js
│   │   ├── retryable.js
│   │   ├── safe.js
│   │   ├── select.js
│   │   ├── selectLimit.js
│   │   ├── selectSeries.js
│   │   ├── seq.js
│   │   ├── series.js
│   │   ├── setImmediate.js
│   │   ├── some.js
│   │   ├── someLimit.js
│   │   ├── someSeries.js
│   │   ├── sortBy.js
│   │   ├── sortByLimit.js
│   │   ├── sortBySeries.js
│   │   ├── timeout.js
│   │   ├── times.js
│   │   ├── timesLimit.js
│   │   ├── timesSeries.js
│   │   ├── transform.js
│   │   ├── transformLimit.js
│   │   ├── transformSeries.js
│   │   ├── tryEach.js
│   │   ├── unmemoize.js
│   │   ├── until.js
│   │   ├── waterfall.js
│   │   ├── whilst.js
│   │   └── wrapSync.js
│   ├── node-int64
│   │   ├── Int64.js
│   │   ├── LICENSE
│   │   ├── README.md
│   │   ├── package.json
│   │   └── test.js
│   ├── node-releases
│   │   ├── LICENSE
│   │   ├── README.md
│   │   ├── data
│   │   │   ├── processed
│   │   │   │   └── envs.json
│   │   │   └── release-schedule
│   │   │       └── release-schedule.json
│   │   └── package.json
│   ├── normalize-path
│   │   ├── LICENSE
│   │   ├── README.md
│   │   ├── index.js
│   │   └── package.json
│   ├── npm-run-path
│   │   ├── index.d.ts
│   │   ├── index.js
│   │   ├── license
│   │   ├── package.json
│   │   └── readme.md
│   ├── once
│   │   ├── LICENSE
│   │   ├── README.md
│   │   ├── once.js
│   │   └── package.json
│   ├── onetime
│   │   ├── index.d.ts
│   │   ├── index.js
│   │   ├── license
│   │   ├── package.json
│   │   └── readme.md
│   ├── p-limit
│   │   ├── index.d.ts
│   │   ├── index.js
│   │   ├── license
│   │   ├── package.json
│   │   └── readme.md
│   ├── p-locate
│   │   ├── index.d.ts
│   │   ├── index.js
│   │   ├── license
│   │   ├── node_modules
│   │   │   └── p-limit
│   │   │       ├── index.d.ts
│   │   │       ├── index.js
│   │   │       ├── license
│   │   │       ├── package.json
│   │   │       └── readme.md
│   │   ├── package.json
│   │   └── readme.md
│   ├── p-try
│   │   ├── index.d.ts
│   │   ├── index.js
│   │   ├── license
│   │   ├── package.json
│   │   └── readme.md
│   ├── package-json-from-dist
│   │   ├── LICENSE.md
│   │   ├── README.md
│   │   ├── dist
│   │   │   ├── commonjs
│   │   │   │   ├── index.d.ts
│   │   │   │   ├── index.d.ts.map
│   │   │   │   ├── index.js
│   │   │   │   ├── index.js.map
│   │   │   │   └── package.json
│   │   │   └── esm
│   │   │       ├── index.d.ts
│   │   │       ├── index.d.ts.map
│   │   │       ├── index.js
│   │   │       ├── index.js.map
│   │   │       └── package.json
│   │   └── package.json
│   ├── parse-json
│   │   ├── index.js
│   │   ├── license
│   │   ├── package.json
│   │   └── readme.md
│   ├── path-exists
│   │   ├── index.d.ts
│   │   ├── index.js
│   │   ├── license
│   │   ├── package.json
│   │   └── readme.md
│   ├── path-is-absolute
│   │   ├── index.js
│   │   ├── license
│   │   ├── package.json
│   │   └── readme.md
│   ├── path-key
│   │   ├── index.d.ts
│   │   ├── index.js
│   │   ├── license
│   │   ├── package.json
│   │   └── readme.md
│   ├── path-scurry
│   │   ├── LICENSE.md
│   │   ├── README.md
│   │   ├── dist
│   │   │   ├── commonjs
│   │   │   │   ├── index.d.ts
│   │   │   │   ├── index.d.ts.map
│   │   │   │   ├── index.js
│   │   │   │   ├── index.js.map
│   │   │   │   └── package.json
│   │   │   └── esm
│   │   │       ├── index.d.ts
│   │   │       ├── index.d.ts.map
│   │   │       ├── index.js
│   │   │       ├── index.js.map
│   │   │       └── package.json
│   │   ├── node_modules
│   │   │   └── lru-cache
│   │   │       ├── LICENSE
│   │   │       ├── README.md
│   │   │       ├── dist
│   │   │       │   ├── commonjs
│   │   │       │   │   ├── index.d.ts
│   │   │       │   │   ├── index.d.ts.map
│   │   │       │   │   ├── index.js
│   │   │       │   │   ├── index.js.map
│   │   │       │   │   ├── index.min.js
│   │   │       │   │   ├── index.min.js.map
│   │   │       │   │   └── package.json
│   │   │       │   └── esm
│   │   │       │       ├── index.d.ts
│   │   │       │       ├── index.d.ts.map
│   │   │       │       ├── index.js
│   │   │       │       ├── index.js.map
│   │   │       │       ├── index.min.js
│   │   │       │       ├── index.min.js.map
│   │   │       │       └── package.json
│   │   │       └── package.json
│   │   └── package.json
│   ├── picocolors
│   │   ├── LICENSE
│   │   ├── README.md
│   │   ├── package.json
│   │   ├── picocolors.browser.js
│   │   ├── picocolors.d.ts
│   │   ├── picocolors.js
│   │   └── types.d.ts
│   ├── picomatch
│   │   ├── LICENSE
│   │   ├── README.md
│   │   ├── index.js
│   │   ├── lib
│   │   │   ├── constants.js
│   │   │   ├── parse.js
│   │   │   ├── picomatch.js
│   │   │   ├── scan.js
│   │   │   └── utils.js
│   │   ├── package.json
│   │   └── posix.js
│   ├── pirates
│   │   ├── LICENSE
│   │   ├── README.md
│   │   ├── index.d.ts
│   │   ├── lib
│   │   │   └── index.js
│   │   └── package.json
│   ├── pkg-dir
│   │   ├── index.d.ts
│   │   ├── index.js
│   │   ├── license
│   │   ├── package.json
│   │   └── readme.md
│   ├── pretty-format
│   │   ├── LICENSE
│   │   ├── README.md
│   │   ├── build
│   │   │   ├── index.d.ts
│   │   │   ├── index.js
│   │   │   └── index.mjs
│   │   ├── node_modules
│   │   │   └── ansi-styles
│   │   │       ├── index.d.ts
│   │   │       ├── index.js
│   │   │       ├── license
│   │   │       ├── package.json
│   │   │       └── readme.md
│   │   └── package.json
│   ├── pure-rand
│   │   ├── CHANGELOG.md
│   │   ├── LICENSE
│   │   ├── README.md
│   │   ├── lib
│   │   │   ├── distribution
│   │   │   │   ├── GenerateN.js
│   │   │   │   ├── SkipN.js
│   │   │   │   ├── UniformArrayIntDistribution.js
│   │   │   │   ├── UniformBigIntDistribution.js
│   │   │   │   ├── UniformIntDistribution.js
│   │   │   │   ├── UnsafeGenerateN.js
│   │   │   │   ├── UnsafeSkipN.js
│   │   │   │   ├── UnsafeUniformArrayIntDistribution.js
│   │   │   │   ├── UnsafeUniformBigIntDistribution.js
│   │   │   │   ├── UnsafeUniformIntDistribution.js
│   │   │   │   └── internals
│   │   │   │       ├── ArrayInt.js
│   │   │   │       ├── ArrayInt64.js
│   │   │   │       ├── UnsafeUniformArrayIntDistributionInternal.js
│   │   │   │       └── UnsafeUniformIntDistributionInternal.js
│   │   │   ├── esm
│   │   │   │   ├── distribution
│   │   │   │   │   ├── GenerateN.js
│   │   │   │   │   ├── SkipN.js
│   │   │   │   │   ├── UniformArrayIntDistribution.js
│   │   │   │   │   ├── UniformBigIntDistribution.js
│   │   │   │   │   ├── UniformIntDistribution.js
│   │   │   │   │   ├── UnsafeGenerateN.js
│   │   │   │   │   ├── UnsafeSkipN.js
│   │   │   │   │   ├── UnsafeUniformArrayIntDistribution.js
│   │   │   │   │   ├── UnsafeUniformBigIntDistribution.js
│   │   │   │   │   ├── UnsafeUniformIntDistribution.js
│   │   │   │   │   └── internals
│   │   │   │   │       ├── ArrayInt.js
│   │   │   │   │       ├── ArrayInt64.js
│   │   │   │   │       ├── UnsafeUniformArrayIntDistributionInternal.js
│   │   │   │   │       └── UnsafeUniformIntDistributionInternal.js
│   │   │   │   ├── generator
│   │   │   │   │   ├── LinearCongruential.js
│   │   │   │   │   ├── MersenneTwister.js
│   │   │   │   │   ├── XorShift.js
│   │   │   │   │   └── XoroShiro.js
│   │   │   │   ├── package.json
│   │   │   │   ├── pure-rand-default.js
│   │   │   │   ├── pure-rand.js
│   │   │   │   └── types
│   │   │   │       ├── Distribution.js
│   │   │   │       ├── RandomGenerator.js
│   │   │   │       ├── distribution
│   │   │   │       │   ├── GenerateN.d.ts
│   │   │   │       │   ├── SkipN.d.ts
│   │   │   │       │   ├── UniformArrayIntDistribution.d.ts
│   │   │   │       │   ├── UniformBigIntDistribution.d.ts
│   │   │   │       │   ├── UniformIntDistribution.d.ts
│   │   │   │       │   ├── UnsafeGenerateN.d.ts
│   │   │   │       │   ├── UnsafeSkipN.d.ts
│   │   │   │       │   ├── UnsafeUniformArrayIntDistribution.d.ts
│   │   │   │       │   ├── UnsafeUniformBigIntDistribution.d.ts
│   │   │   │       │   ├── UnsafeUniformIntDistribution.d.ts
│   │   │   │       │   └── internals
│   │   │   │       │       ├── ArrayInt.d.ts
│   │   │   │       │       ├── ArrayInt64.d.ts
│   │   │   │       │       ├── UnsafeUniformArrayIntDistributionInternal.d.ts
│   │   │   │       │       └── UnsafeUniformIntDistributionInternal.d.ts
│   │   │   │       ├── generator
│   │   │   │       │   ├── LinearCongruential.d.ts
│   │   │   │       │   ├── MersenneTwister.d.ts
│   │   │   │       │   ├── XorShift.d.ts
│   │   │   │       │   └── XoroShiro.d.ts
│   │   │   │       ├── pure-rand-default.d.ts
│   │   │   │       ├── pure-rand.d.ts
│   │   │   │       └── types
│   │   │   │           ├── Distribution.d.ts
│   │   │   │           └── RandomGenerator.d.ts
│   │   │   ├── generator
│   │   │   │   ├── LinearCongruential.js
│   │   │   │   ├── MersenneTwister.js
│   │   │   │   ├── XorShift.js
│   │   │   │   └── XoroShiro.js
│   │   │   ├── pure-rand-default.js
│   │   │   ├── pure-rand.js
│   │   │   └── types
│   │   │       ├── Distribution.js
│   │   │       ├── RandomGenerator.js
│   │   │       ├── distribution
│   │   │       │   ├── GenerateN.d.ts
│   │   │       │   ├── SkipN.d.ts
│   │   │       │   ├── UniformArrayIntDistribution.d.ts
│   │   │       │   ├── UniformBigIntDistribution.d.ts
│   │   │       │   ├── UniformIntDistribution.d.ts
│   │   │       │   ├── UnsafeGenerateN.d.ts
│   │   │       │   ├── UnsafeSkipN.d.ts
│   │   │       │   ├── UnsafeUniformArrayIntDistribution.d.ts
│   │   │       │   ├── UnsafeUniformBigIntDistribution.d.ts
│   │   │       │   ├── UnsafeUniformIntDistribution.d.ts
│   │   │       │   └── internals
│   │   │       │       ├── ArrayInt.d.ts
│   │   │       │       ├── ArrayInt64.d.ts
│   │   │       │       ├── UnsafeUniformArrayIntDistributionInternal.d.ts
│   │   │       │       └── UnsafeUniformIntDistributionInternal.d.ts
│   │   │       ├── generator
│   │   │       │   ├── LinearCongruential.d.ts
│   │   │       │   ├── MersenneTwister.d.ts
│   │   │       │   ├── XorShift.d.ts
│   │   │       │   └── XoroShiro.d.ts
│   │   │       ├── pure-rand-default.d.ts
│   │   │       ├── pure-rand.d.ts
│   │   │       └── types
│   │   │           ├── Distribution.d.ts
│   │   │           └── RandomGenerator.d.ts
│   │   └── package.json
│   ├── react-is
│   │   ├── LICENSE
│   │   ├── README.md
│   │   ├── cjs
│   │   │   ├── react-is.development.js
│   │   │   └── react-is.production.min.js
│   │   ├── index.js
│   │   ├── package.json
│   │   └── umd
│   │       ├── react-is.development.js
│   │       └── react-is.production.min.js
│   ├── require-directory
│   │   ├── LICENSE
│   │   ├── README.markdown
│   │   ├── index.js
│   │   └── package.json
│   ├── resolve-cwd
│   │   ├── index.d.ts
│   │   ├── index.js
│   │   ├── license
│   │   ├── package.json
│   │   └── readme.md
│   ├── resolve-from
│   │   ├── index.d.ts
│   │   ├── index.js
│   │   ├── license
│   │   ├── package.json
│   │   └── readme.md
│   ├── safe-buffer
│   │   ├── LICENSE
│   │   ├── README.md
│   │   ├── index.d.ts
│   │   ├── index.js
│   │   └── package.json
│   ├── semver
│   │   ├── LICENSE
│   │   ├── README.md
│   │   ├── bin
│   │   │   └── semver.js
│   │   ├── classes
│   │   │   ├── comparator.js
│   │   │   ├── index.js
│   │   │   ├── range.js
│   │   │   └── semver.js
│   │   ├── functions
│   │   │   ├── clean.js
│   │   │   ├── cmp.js
│   │   │   ├── coerce.js
│   │   │   ├── compare-build.js
│   │   │   ├── compare-loose.js
│   │   │   ├── compare.js
│   │   │   ├── diff.js
│   │   │   ├── eq.js
│   │   │   ├── gt.js
│   │   │   ├── gte.js
│   │   │   ├── inc.js
│   │   │   ├── lt.js
│   │   │   ├── lte.js
│   │   │   ├── major.js
│   │   │   ├── minor.js
│   │   │   ├── neq.js
│   │   │   ├── parse.js
│   │   │   ├── patch.js
│   │   │   ├── prerelease.js
│   │   │   ├── rcompare.js
│   │   │   ├── rsort.js
│   │   │   ├── satisfies.js
│   │   │   ├── sort.js
│   │   │   └── valid.js
│   │   ├── index.js
│   │   ├── internal
│   │   │   ├── constants.js
│   │   │   ├── debug.js
│   │   │   ├── identifiers.js
│   │   │   ├── lrucache.js
│   │   │   ├── parse-options.js
│   │   │   └── re.js
│   │   ├── package.json
│   │   ├── preload.js
│   │   ├── range.bnf
│   │   └── ranges
│   │       ├── gtr.js
│   │       ├── intersects.js
│   │       ├── ltr.js
│   │       ├── max-satisfying.js
│   │       ├── min-satisfying.js
│   │       ├── min-version.js
│   │       ├── outside.js
│   │       ├── simplify.js
│   │       ├── subset.js
│   │       ├── to-comparators.js
│   │       └── valid.js
│   ├── shebang-command
│   │   ├── index.js
│   │   ├── license
│   │   ├── package.json
│   │   └── readme.md
│   ├── shebang-regex
│   │   ├── index.d.ts
│   │   ├── index.js
│   │   ├── license
│   │   ├── package.json
│   │   └── readme.md
│   ├── signal-exit
│   │   ├── LICENSE.txt
│   │   ├── README.md
│   │   ├── dist
│   │   │   ├── cjs
│   │   │   │   ├── browser.d.ts
│   │   │   │   ├── browser.d.ts.map
│   │   │   │   ├── browser.js
│   │   │   │   ├── browser.js.map
│   │   │   │   ├── index.d.ts
│   │   │   │   ├── index.d.ts.map
│   │   │   │   ├── index.js
│   │   │   │   ├── index.js.map
│   │   │   │   ├── package.json
│   │   │   │   ├── signals.d.ts
│   │   │   │   ├── signals.d.ts.map
│   │   │   │   ├── signals.js
│   │   │   │   └── signals.js.map
│   │   │   └── mjs
│   │   │       ├── browser.d.ts
│   │   │       ├── browser.d.ts.map
│   │   │       ├── browser.js
│   │   │       ├── browser.js.map
│   │   │       ├── index.d.ts
│   │   │       ├── index.d.ts.map
│   │   │       ├── index.js
│   │   │       ├── index.js.map
│   │   │       ├── package.json
│   │   │       ├── signals.d.ts
│   │   │       ├── signals.d.ts.map
│   │   │       ├── signals.js
│   │   │       └── signals.js.map
│   │   └── package.json
│   ├── slash
│   │   ├── index.d.ts
│   │   ├── index.js
│   │   ├── license
│   │   ├── package.json
│   │   └── readme.md
│   ├── source-map
│   │   ├── CHANGELOG.md
│   │   ├── LICENSE
│   │   ├── README.md
│   │   ├── dist
│   │   │   ├── source-map.debug.js
│   │   │   ├── source-map.js
│   │   │   ├── source-map.min.js
│   │   │   └── source-map.min.js.map
│   │   ├── lib
│   │   │   ├── array-set.js
│   │   │   ├── base64-vlq.js
│   │   │   ├── base64.js
│   │   │   ├── binary-search.js
│   │   │   ├── mapping-list.js
│   │   │   ├── quick-sort.js
│   │   │   ├── source-map-consumer.js
│   │   │   ├── source-map-generator.js
│   │   │   ├── source-node.js
│   │   │   └── util.js
│   │   ├── package.json
│   │   ├── source-map.d.ts
│   │   └── source-map.js
│   ├── source-map-support
│   │   ├── LICENSE.md
│   │   ├── README.md
│   │   ├── browser-source-map-support.js
│   │   ├── package.json
│   │   ├── register.js
│   │   └── source-map-support.js
│   ├── sprintf-js
│   │   ├── LICENSE
│   │   ├── README.md
│   │   ├── bower.json
│   │   ├── demo
│   │   │   └── angular.html
│   │   ├── dist
│   │   │   ├── angular-sprintf.min.js
│   │   │   ├── angular-sprintf.min.js.map
│   │   │   ├── angular-sprintf.min.map
│   │   │   ├── sprintf.min.js
│   │   │   ├── sprintf.min.js.map
│   │   │   └── sprintf.min.map
│   │   ├── gruntfile.js
│   │   ├── package.json
│   │   ├── src
│   │   │   ├── angular-sprintf.js
│   │   │   └── sprintf.js
│   │   └── test
│   │       └── test.js
│   ├── stack-utils
│   │   ├── LICENSE.md
│   │   ├── index.js
│   │   ├── package.json
│   │   └── readme.md
│   ├── string-length
│   │   ├── index.d.ts
│   │   ├── index.js
│   │   ├── license
│   │   ├── node_modules
│   │   │   ├── ansi-regex
│   │   │   │   ├── index.d.ts
│   │   │   │   ├── index.js
│   │   │   │   ├── license
│   │   │   │   ├── package.json
│   │   │   │   └── readme.md
│   │   │   └── strip-ansi
│   │   │       ├── index.d.ts
│   │   │       ├── index.js
│   │   │       ├── license
│   │   │       ├── package.json
│   │   │       └── readme.md
│   │   ├── package.json
│   │   └── readme.md
│   ├── string-width
│   │   ├── index.d.ts
│   │   ├── index.js
│   │   ├── license
│   │   ├── package.json
│   │   └── readme.md
│   ├── string-width-cjs
│   │   ├── index.d.ts
│   │   ├── index.js
│   │   ├── license
│   │   ├── node_modules
│   │   │   ├── ansi-regex
│   │   │   │   ├── index.d.ts
│   │   │   │   ├── index.js
│   │   │   │   ├── license
│   │   │   │   ├── package.json
│   │   │   │   └── readme.md
│   │   │   ├── emoji-regex
│   │   │   │   ├── LICENSE-MIT.txt
│   │   │   │   ├── README.md
│   │   │   │   ├── es2015
│   │   │   │   │   ├── index.js
│   │   │   │   │   └── text.js
│   │   │   │   ├── index.d.ts
│   │   │   │   ├── index.js
│   │   │   │   ├── package.json
│   │   │   │   └── text.js
│   │   │   └── strip-ansi
│   │   │       ├── index.d.ts
│   │   │       ├── index.js
│   │   │       ├── license
│   │   │       ├── package.json
│   │   │       └── readme.md
│   │   ├── package.json
│   │   └── readme.md
│   ├── strip-ansi
│   │   ├── index.d.ts
│   │   ├── index.js
│   │   ├── license
│   │   ├── package.json
│   │   └── readme.md
│   ├── strip-ansi-cjs
│   │   ├── index.d.ts
│   │   ├── index.js
│   │   ├── license
│   │   ├── node_modules
│   │   │   └── ansi-regex
│   │   │       ├── index.d.ts
│   │   │       ├── index.js
│   │   │       ├── license
│   │   │       ├── package.json
│   │   │       └── readme.md
│   │   ├── package.json
│   │   └── readme.md
│   ├── strip-bom
│   │   ├── index.d.ts
│   │   ├── index.js
│   │   ├── license
│   │   ├── package.json
│   │   └── readme.md
│   ├── strip-final-newline
│   │   ├── index.js
│   │   ├── license
│   │   ├── package.json
│   │   └── readme.md
│   ├── strip-json-comments
│   │   ├── index.d.ts
│   │   ├── index.js
│   │   ├── license
│   │   ├── package.json
│   │   └── readme.md
│   ├── supports-color
│   │   ├── browser.js
│   │   ├── index.js
│   │   ├── license
│   │   ├── package.json
│   │   └── readme.md
│   ├── synckit
│   │   ├── LICENSE
│   │   ├── README.md
│   │   ├── lib
│   │   │   ├── common.d.ts
│   │   │   ├── common.js
│   │   │   ├── common.js.map
│   │   │   ├── constants.d.ts
│   │   │   ├── constants.js
│   │   │   ├── constants.js.map
│   │   │   ├── helpers.d.ts
│   │   │   ├── helpers.js
│   │   │   ├── helpers.js.map
│   │   │   ├── index.cjs
│   │   │   ├── index.d.cts
│   │   │   ├── index.d.ts
│   │   │   ├── index.js
│   │   │   ├── index.js.map
│   │   │   ├── types.d.ts
│   │   │   ├── types.js
│   │   │   └── types.js.map
│   │   └── package.json
│   ├── test-exclude
│   │   ├── CHANGELOG.md
│   │   ├── LICENSE.txt
│   │   ├── README.md
│   │   ├── index.js
│   │   ├── is-outside-dir-posix.js
│   │   ├── is-outside-dir-win32.js
│   │   ├── is-outside-dir.js
│   │   ├── node_modules
│   │   │   ├── brace-expansion
│   │   │   │   ├── LICENSE
│   │   │   │   ├── README.md
│   │   │   │   ├── index.js
│   │   │   │   └── package.json
│   │   │   ├── glob
│   │   │   │   ├── LICENSE
│   │   │   │   ├── README.md
│   │   │   │   ├── common.js
│   │   │   │   ├── glob.js
│   │   │   │   ├── package.json
│   │   │   │   └── sync.js
│   │   │   └── minimatch
│   │   │       ├── LICENSE
│   │   │       ├── README.md
│   │   │       ├── minimatch.js
│   │   │       └── package.json
│   │   └── package.json
│   ├── tmpl
│   │   ├── lib
│   │   │   └── tmpl.js
│   │   ├── license
│   │   ├── package.json
│   │   └── readme.md
│   ├── ts-jest
│   │   ├── CHANGELOG.md
│   │   ├── CONTRIBUTING.md
│   │   ├── LICENSE.md
│   │   ├── README.md
│   │   ├── TROUBLESHOOTING.md
│   │   ├── cli.js
│   │   ├── dist
│   │   │   ├── cli
│   │   │   │   ├── config
│   │   │   │   │   ├── init.d.ts
│   │   │   │   │   ├── init.js
│   │   │   │   │   ├── migrate.d.ts
│   │   │   │   │   └── migrate.js
│   │   │   │   ├── help.d.ts
│   │   │   │   ├── help.js
│   │   │   │   ├── helpers
│   │   │   │   │   ├── presets.d.ts
│   │   │   │   │   └── presets.js
│   │   │   │   ├── index.d.ts
│   │   │   │   └── index.js
│   │   │   ├── config
│   │   │   │   ├── index.d.ts
│   │   │   │   ├── index.js
│   │   │   │   ├── paths-to-module-name-mapper.d.ts
│   │   │   │   ├── paths-to-module-name-mapper.js
│   │   │   │   ├── types.d.ts
│   │   │   │   └── types.js
│   │   │   ├── constants.d.ts
│   │   │   ├── constants.js
│   │   │   ├── index.d.ts
│   │   │   ├── index.js
│   │   │   ├── legacy
│   │   │   │   ├── compiler
│   │   │   │   │   ├── compiler-utils.d.ts
│   │   │   │   │   ├── compiler-utils.js
│   │   │   │   │   ├── index.d.ts
│   │   │   │   │   ├── index.js
│   │   │   │   │   ├── ts-compiler.d.ts
│   │   │   │   │   ├── ts-compiler.js
│   │   │   │   │   ├── ts-jest-compiler.d.ts
│   │   │   │   │   └── ts-jest-compiler.js
│   │   │   │   ├── config
│   │   │   │   │   ├── config-set.d.ts
│   │   │   │   │   └── config-set.js
│   │   │   │   ├── index.d.ts
│   │   │   │   ├── index.js
│   │   │   │   ├── ts-jest-transformer.d.ts
│   │   │   │   └── ts-jest-transformer.js
│   │   │   ├── presets
│   │   │   │   ├── all-presets.d.ts
│   │   │   │   ├── all-presets.js
│   │   │   │   ├── create-jest-preset.d.ts
│   │   │   │   └── create-jest-preset.js
│   │   │   ├── raw-compiler-options.d.ts
│   │   │   ├── raw-compiler-options.js
│   │   │   ├── transformers
│   │   │   │   ├── hoist-jest.d.ts
│   │   │   │   └── hoist-jest.js
│   │   │   ├── transpilers
│   │   │   │   └── typescript
│   │   │   │       ├── transpile-module.d.ts
│   │   │   │       └── transpile-module.js
│   │   │   ├── types.d.ts
│   │   │   ├── types.js
│   │   │   └── utils
│   │   │       ├── backports.d.ts
│   │   │       ├── backports.js
│   │   │       ├── diagnostics.d.ts
│   │   │       ├── diagnostics.js
│   │   │       ├── get-package-version.d.ts
│   │   │       ├── get-package-version.js
│   │   │       ├── importer.d.ts
│   │   │       ├── importer.js
│   │   │       ├── index.d.ts
│   │   │       ├── index.js
│   │   │       ├── json.d.ts
│   │   │       ├── json.js
│   │   │       ├── jsonable-value.d.ts
│   │   │       ├── jsonable-value.js
│   │   │       ├── logger.d.ts
│   │   │       ├── logger.js
│   │   │       ├── memoize.d.ts
│   │   │       ├── memoize.js
│   │   │       ├── messages.d.ts
│   │   │       ├── messages.js
│   │   │       ├── normalize-slashes.d.ts
│   │   │       ├── normalize-slashes.js
│   │   │       ├── sha1.d.ts
│   │   │       ├── sha1.js
│   │   │       ├── ts-error.d.ts
│   │   │       └── ts-error.js
│   │   ├── jest-preset.js
│   │   ├── legacy.js
│   │   ├── node_modules
│   │   │   └── type-fest
│   │   │       ├── index.d.ts
│   │   │       ├── license-cc0
│   │   │       ├── license-mit
│   │   │       ├── package.json
│   │   │       ├── readme.md
│   │   │       └── source
│   │   │           ├── all-union-fields.d.ts
│   │   │           ├── and.d.ts
│   │   │           ├── array-indices.d.ts
│   │   │           ├── array-slice.d.ts
│   │   │           ├── array-splice.d.ts
│   │   │           ├── array-tail.d.ts
│   │   │           ├── array-values.d.ts
│   │   │           ├── arrayable.d.ts
│   │   │           ├── async-return-type.d.ts
│   │   │           ├── asyncify.d.ts
│   │   │           ├── basic.d.ts
│   │   │           ├── camel-case.d.ts
│   │   │           ├── camel-cased-properties-deep.d.ts
│   │   │           ├── camel-cased-properties.d.ts
│   │   │           ├── conditional-except.d.ts
│   │   │           ├── conditional-keys.d.ts
│   │   │           ├── conditional-pick-deep.d.ts
│   │   │           ├── conditional-pick.d.ts
│   │   │           ├── conditional-simplify.d.ts
│   │   │           ├── delimiter-case.d.ts
│   │   │           ├── delimiter-cased-properties-deep.d.ts
│   │   │           ├── delimiter-cased-properties.d.ts
│   │   │           ├── distributed-omit.d.ts
│   │   │           ├── distributed-pick.d.ts
│   │   │           ├── empty-object.d.ts
│   │   │           ├── enforce-optional.d.ts
│   │   │           ├── entries.d.ts
│   │   │           ├── entry.d.ts
│   │   │           ├── exact.d.ts
│   │   │           ├── except.d.ts
│   │   │           ├── find-global-type.d.ts
│   │   │           ├── fixed-length-array.d.ts
│   │   │           ├── get.d.ts
│   │   │           ├── global-this.d.ts
│   │   │           ├── greater-than-or-equal.d.ts
│   │   │           ├── greater-than.d.ts
│   │   │           ├── has-optional-keys.d.ts
│   │   │           ├── has-readonly-keys.d.ts
│   │   │           ├── has-required-keys.d.ts
│   │   │           ├── has-writable-keys.d.ts
│   │   │           ├── if-any.d.ts
│   │   │           ├── if-empty-object.d.ts
│   │   │           ├── if-never.d.ts
│   │   │           ├── if-null.d.ts
│   │   │           ├── if-unknown.d.ts
│   │   │           ├── includes.d.ts
│   │   │           ├── int-closed-range.d.ts
│   │   │           ├── int-range.d.ts
│   │   │           ├── internal
│   │   │           │   ├── array.d.ts
│   │   │           │   ├── characters.d.ts
│   │   │           │   ├── index.d.ts
│   │   │           │   ├── keys.d.ts
│   │   │           │   ├── numeric.d.ts
│   │   │           │   ├── object.d.ts
│   │   │           │   ├── string.d.ts
│   │   │           │   ├── tuple.d.ts
│   │   │           │   └── type.d.ts
│   │   │           ├── invariant-of.d.ts
│   │   │           ├── is-any.d.ts
│   │   │           ├── is-equal.d.ts
│   │   │           ├── is-float.d.ts
│   │   │           ├── is-integer.d.ts
│   │   │           ├── is-literal.d.ts
│   │   │           ├── is-never.d.ts
│   │   │           ├── is-null.d.ts
│   │   │           ├── is-tuple.d.ts
│   │   │           ├── is-unknown.d.ts
│   │   │           ├── iterable-element.d.ts
│   │   │           ├── join.d.ts
│   │   │           ├── jsonifiable.d.ts
│   │   │           ├── jsonify.d.ts
│   │   │           ├── kebab-case.d.ts
│   │   │           ├── kebab-cased-properties-deep.d.ts
│   │   │           ├── kebab-cased-properties.d.ts
│   │   │           ├── keys-of-union.d.ts
│   │   │           ├── last-array-element.d.ts
│   │   │           ├── less-than-or-equal.d.ts
│   │   │           ├── less-than.d.ts
│   │   │           ├── literal-to-primitive-deep.d.ts
│   │   │           ├── literal-to-primitive.d.ts
│   │   │           ├── literal-union.d.ts
│   │   │           ├── merge-deep.d.ts
│   │   │           ├── merge-exclusive.d.ts
│   │   │           ├── merge.d.ts
│   │   │           ├── multidimensional-array.d.ts
│   │   │           ├── multidimensional-readonly-array.d.ts
│   │   │           ├── non-empty-object.d.ts
│   │   │           ├── non-empty-string.d.ts
│   │   │           ├── non-empty-tuple.d.ts
│   │   │           ├── numeric.d.ts
│   │   │           ├── observable-like.d.ts
│   │   │           ├── omit-deep.d.ts
│   │   │           ├── omit-index-signature.d.ts
│   │   │           ├── opaque.d.ts
│   │   │           ├── optional-keys-of.d.ts
│   │   │           ├── or.d.ts
│   │   │           ├── override-properties.d.ts
│   │   │           ├── package-json.d.ts
│   │   │           ├── partial-deep.d.ts
│   │   │           ├── partial-on-undefined-deep.d.ts
│   │   │           ├── pascal-case.d.ts
│   │   │           ├── pascal-cased-properties-deep.d.ts
│   │   │           ├── pascal-cased-properties.d.ts
│   │   │           ├── paths.d.ts
│   │   │           ├── pick-deep.d.ts
│   │   │           ├── pick-index-signature.d.ts
│   │   │           ├── primitive.d.ts
│   │   │           ├── promisable.d.ts
│   │   │           ├── readonly-deep.d.ts
│   │   │           ├── readonly-keys-of.d.ts
│   │   │           ├── readonly-tuple.d.ts
│   │   │           ├── replace.d.ts
│   │   │           ├── require-all-or-none.d.ts
│   │   │           ├── require-at-least-one.d.ts
│   │   │           ├── require-exactly-one.d.ts
│   │   │           ├── require-one-or-none.d.ts
│   │   │           ├── required-deep.d.ts
│   │   │           ├── required-keys-of.d.ts
│   │   │           ├── schema.d.ts
│   │   │           ├── screaming-snake-case.d.ts
│   │   │           ├── set-field-type.d.ts
│   │   │           ├── set-non-nullable-deep.d.ts
│   │   │           ├── set-non-nullable.d.ts
│   │   │           ├── set-optional.d.ts
│   │   │           ├── set-parameter-type.d.ts
│   │   │           ├── set-readonly.d.ts
│   │   │           ├── set-required-deep.d.ts
│   │   │           ├── set-required.d.ts
│   │   │           ├── set-return-type.d.ts
│   │   │           ├── shared-union-fields-deep.d.ts
│   │   │           ├── shared-union-fields.d.ts
│   │   │           ├── simplify-deep.d.ts
│   │   │           ├── simplify.d.ts
│   │   │           ├── single-key-object.d.ts
│   │   │           ├── snake-case.d.ts
│   │   │           ├── snake-cased-properties-deep.d.ts
│   │   │           ├── snake-cased-properties.d.ts
│   │   │           ├── split.d.ts
│   │   │           ├── spread.d.ts
│   │   │           ├── string-key-of.d.ts
│   │   │           ├── string-repeat.d.ts
│   │   │           ├── string-slice.d.ts
│   │   │           ├── stringified.d.ts
│   │   │           ├── structured-cloneable.d.ts
│   │   │           ├── subtract.d.ts
│   │   │           ├── sum.d.ts
│   │   │           ├── tagged-union.d.ts
│   │   │           ├── tagged.d.ts
│   │   │           ├── trim.d.ts
│   │   │           ├── tsconfig-json.d.ts
│   │   │           ├── tuple-to-object.d.ts
│   │   │           ├── tuple-to-union.d.ts
│   │   │           ├── typed-array.d.ts
│   │   │           ├── undefined-on-partial-deep.d.ts
│   │   │           ├── union-to-intersection.d.ts
│   │   │           ├── union-to-tuple.d.ts
│   │   │           ├── unknown-array.d.ts
│   │   │           ├── unknown-map.d.ts
│   │   │           ├── unknown-record.d.ts
│   │   │           ├── unknown-set.d.ts
│   │   │           ├── value-of.d.ts
│   │   │           ├── words.d.ts
│   │   │           ├── writable-deep.d.ts
│   │   │           ├── writable-keys-of.d.ts
│   │   │           └── writable.d.ts
│   │   ├── package.json
│   │   ├── preprocessor.js
│   │   ├── presets
│   │   │   ├── default
│   │   │   │   └── jest-preset.js
│   │   │   ├── default-esm
│   │   │   │   └── jest-preset.js
│   │   │   ├── default-esm-legacy
│   │   │   │   └── jest-preset.js
│   │   │   ├── default-legacy
│   │   │   │   └── jest-preset.js
│   │   │   ├── index.d.ts
│   │   │   ├── index.js
│   │   │   ├── js-with-babel
│   │   │   │   └── jest-preset.js
│   │   │   ├── js-with-babel-esm
│   │   │   │   └── jest-preset.js
│   │   │   ├── js-with-babel-esm-legacy
│   │   │   │   └── jest-preset.js
│   │   │   ├── js-with-babel-legacy
│   │   │   │   └── jest-preset.js
│   │   │   ├── js-with-ts
│   │   │   │   └── jest-preset.js
│   │   │   ├── js-with-ts-esm
│   │   │   │   └── jest-preset.js
│   │   │   ├── js-with-ts-esm-legacy
│   │   │   │   └── jest-preset.js
│   │   │   └── js-with-ts-legacy
│   │   │       └── jest-preset.js
│   │   └── tsconfig.base.json
│   ├── type-detect
│   │   ├── LICENSE
│   │   ├── README.md
│   │   ├── index.js
│   │   ├── package.json
│   │   └── type-detect.js
│   ├── type-fest
│   │   ├── base.d.ts
│   │   ├── index.d.ts
│   │   ├── license
│   │   ├── package.json
│   │   ├── readme.md
│   │   ├── source
│   │   │   ├── async-return-type.d.ts
│   │   │   ├── asyncify.d.ts
│   │   │   ├── basic.d.ts
│   │   │   ├── conditional-except.d.ts
│   │   │   ├── conditional-keys.d.ts
│   │   │   ├── conditional-pick.d.ts
│   │   │   ├── entries.d.ts
│   │   │   ├── entry.d.ts
│   │   │   ├── except.d.ts
│   │   │   ├── fixed-length-array.d.ts
│   │   │   ├── iterable-element.d.ts
│   │   │   ├── literal-union.d.ts
│   │   │   ├── merge-exclusive.d.ts
│   │   │   ├── merge.d.ts
│   │   │   ├── mutable.d.ts
│   │   │   ├── opaque.d.ts
│   │   │   ├── package-json.d.ts
│   │   │   ├── partial-deep.d.ts
│   │   │   ├── promisable.d.ts
│   │   │   ├── promise-value.d.ts
│   │   │   ├── readonly-deep.d.ts
│   │   │   ├── require-at-least-one.d.ts
│   │   │   ├── require-exactly-one.d.ts
│   │   │   ├── set-optional.d.ts
│   │   │   ├── set-required.d.ts
│   │   │   ├── set-return-type.d.ts
│   │   │   ├── simplify.d.ts
│   │   │   ├── stringified.d.ts
│   │   │   ├── tsconfig-json.d.ts
│   │   │   ├── typed-array.d.ts
│   │   │   ├── union-to-intersection.d.ts
│   │   │   ├── utilities.d.ts
│   │   │   └── value-of.d.ts
│   │   └── ts41
│   │       ├── camel-case.d.ts
│   │       ├── delimiter-case.d.ts
│   │       ├── get.d.ts
│   │       ├── index.d.ts
│   │       ├── kebab-case.d.ts
│   │       ├── pascal-case.d.ts
│   │       ├── snake-case.d.ts
│   │       └── utilities.d.ts
│   ├── typescript
│   │   ├── LICENSE.txt
│   │   ├── README.md
│   │   ├── SECURITY.md
│   │   ├── ThirdPartyNoticeText.txt
│   │   ├── bin
│   │   │   ├── tsc
│   │   │   └── tsserver
│   │   ├── lib
│   │   │   ├── _tsc.js
│   │   │   ├── _tsserver.js
│   │   │   ├── _typingsInstaller.js
│   │   │   ├── cs
│   │   │   │   └── diagnosticMessages.generated.json
│   │   │   ├── de
│   │   │   │   └── diagnosticMessages.generated.json
│   │   │   ├── es
│   │   │   │   └── diagnosticMessages.generated.json
│   │   │   ├── fr
│   │   │   │   └── diagnosticMessages.generated.json
│   │   │   ├── it
│   │   │   │   └── diagnosticMessages.generated.json
│   │   │   ├── ja
│   │   │   │   └── diagnosticMessages.generated.json
│   │   │   ├── ko
│   │   │   │   └── diagnosticMessages.generated.json
│   │   │   ├── lib.d.ts
│   │   │   ├── lib.decorators.d.ts
│   │   │   ├── lib.decorators.legacy.d.ts
│   │   │   ├── lib.dom.asynciterable.d.ts
│   │   │   ├── lib.dom.d.ts
│   │   │   ├── lib.dom.iterable.d.ts
│   │   │   ├── lib.es2015.collection.d.ts
│   │   │   ├── lib.es2015.core.d.ts
│   │   │   ├── lib.es2015.d.ts
│   │   │   ├── lib.es2015.generator.d.ts
│   │   │   ├── lib.es2015.iterable.d.ts
│   │   │   ├── lib.es2015.promise.d.ts
│   │   │   ├── lib.es2015.proxy.d.ts
│   │   │   ├── lib.es2015.reflect.d.ts
│   │   │   ├── lib.es2015.symbol.d.ts
│   │   │   ├── lib.es2015.symbol.wellknown.d.ts
│   │   │   ├── lib.es2016.array.include.d.ts
│   │   │   ├── lib.es2016.d.ts
│   │   │   ├── lib.es2016.full.d.ts
│   │   │   ├── lib.es2016.intl.d.ts
│   │   │   ├── lib.es2017.arraybuffer.d.ts
│   │   │   ├── lib.es2017.d.ts
│   │   │   ├── lib.es2017.date.d.ts
│   │   │   ├── lib.es2017.full.d.ts
│   │   │   ├── lib.es2017.intl.d.ts
│   │   │   ├── lib.es2017.object.d.ts
│   │   │   ├── lib.es2017.sharedmemory.d.ts
│   │   │   ├── lib.es2017.string.d.ts
│   │   │   ├── lib.es2017.typedarrays.d.ts
│   │   │   ├── lib.es2018.asyncgenerator.d.ts
│   │   │   ├── lib.es2018.asynciterable.d.ts
│   │   │   ├── lib.es2018.d.ts
│   │   │   ├── lib.es2018.full.d.ts
│   │   │   ├── lib.es2018.intl.d.ts
│   │   │   ├── lib.es2018.promise.d.ts
│   │   │   ├── lib.es2018.regexp.d.ts
│   │   │   ├── lib.es2019.array.d.ts
│   │   │   ├── lib.es2019.d.ts
│   │   │   ├── lib.es2019.full.d.ts
│   │   │   ├── lib.es2019.intl.d.ts
│   │   │   ├── lib.es2019.object.d.ts
│   │   │   ├── lib.es2019.string.d.ts
│   │   │   ├── lib.es2019.symbol.d.ts
│   │   │   ├── lib.es2020.bigint.d.ts
│   │   │   ├── lib.es2020.d.ts
│   │   │   ├── lib.es2020.date.d.ts
│   │   │   ├── lib.es2020.full.d.ts
│   │   │   ├── lib.es2020.intl.d.ts
│   │   │   ├── lib.es2020.number.d.ts
│   │   │   ├── lib.es2020.promise.d.ts
│   │   │   ├── lib.es2020.sharedmemory.d.ts
│   │   │   ├── lib.es2020.string.d.ts
│   │   │   ├── lib.es2020.symbol.wellknown.d.ts
│   │   │   ├── lib.es2021.d.ts
│   │   │   ├── lib.es2021.full.d.ts
│   │   │   ├── lib.es2021.intl.d.ts
│   │   │   ├── lib.es2021.promise.d.ts
│   │   │   ├── lib.es2021.string.d.ts
│   │   │   ├── lib.es2021.weakref.d.ts
│   │   │   ├── lib.es2022.array.d.ts
│   │   │   ├── lib.es2022.d.ts
│   │   │   ├── lib.es2022.error.d.ts
│   │   │   ├── lib.es2022.full.d.ts
│   │   │   ├── lib.es2022.intl.d.ts
│   │   │   ├── lib.es2022.object.d.ts
│   │   │   ├── lib.es2022.regexp.d.ts
│   │   │   ├── lib.es2022.string.d.ts
│   │   │   ├── lib.es2023.array.d.ts
│   │   │   ├── lib.es2023.collection.d.ts
│   │   │   ├── lib.es2023.d.ts
│   │   │   ├── lib.es2023.full.d.ts
│   │   │   ├── lib.es2023.intl.d.ts
│   │   │   ├── lib.es2024.arraybuffer.d.ts
│   │   │   ├── lib.es2024.collection.d.ts
│   │   │   ├── lib.es2024.d.ts
│   │   │   ├── lib.es2024.full.d.ts
│   │   │   ├── lib.es2024.object.d.ts
│   │   │   ├── lib.es2024.promise.d.ts
│   │   │   ├── lib.es2024.regexp.d.ts
│   │   │   ├── lib.es2024.sharedmemory.d.ts
│   │   │   ├── lib.es2024.string.d.ts
│   │   │   ├── lib.es5.d.ts
│   │   │   ├── lib.es6.d.ts
│   │   │   ├── lib.esnext.array.d.ts
│   │   │   ├── lib.esnext.collection.d.ts
│   │   │   ├── lib.esnext.d.ts
│   │   │   ├── lib.esnext.decorators.d.ts
│   │   │   ├── lib.esnext.disposable.d.ts
│   │   │   ├── lib.esnext.error.d.ts
│   │   │   ├── lib.esnext.float16.d.ts
│   │   │   ├── lib.esnext.full.d.ts
│   │   │   ├── lib.esnext.intl.d.ts
│   │   │   ├── lib.esnext.iterator.d.ts
│   │   │   ├── lib.esnext.promise.d.ts
│   │   │   ├── lib.esnext.sharedmemory.d.ts
│   │   │   ├── lib.scripthost.d.ts
│   │   │   ├── lib.webworker.asynciterable.d.ts
│   │   │   ├── lib.webworker.d.ts
│   │   │   ├── lib.webworker.importscripts.d.ts
│   │   │   ├── lib.webworker.iterable.d.ts
│   │   │   ├── pl
│   │   │   │   └── diagnosticMessages.generated.json
│   │   │   ├── pt-br
│   │   │   │   └── diagnosticMessages.generated.json
│   │   │   ├── ru
│   │   │   │   └── diagnosticMessages.generated.json
│   │   │   ├── tr
│   │   │   │   └── diagnosticMessages.generated.json
│   │   │   ├── tsc.js
│   │   │   ├── tsserver.js
│   │   │   ├── tsserverlibrary.d.ts
│   │   │   ├── tsserverlibrary.js
│   │   │   ├── typesMap.json
│   │   │   ├── typescript.d.ts
│   │   │   ├── typescript.js
│   │   │   ├── typingsInstaller.js
│   │   │   ├── watchGuard.js
│   │   │   ├── zh-cn
│   │   │   │   └── diagnosticMessages.generated.json
│   │   │   └── zh-tw
│   │   │       └── diagnosticMessages.generated.json
│   │   └── package.json
│   ├── uglify-js
│   │   ├── LICENSE
│   │   ├── README.md
│   │   ├── bin
│   │   │   └── uglifyjs
│   │   ├── lib
│   │   │   ├── ast.js
│   │   │   ├── compress.js
│   │   │   ├── minify.js
│   │   │   ├── mozilla-ast.js
│   │   │   ├── output.js
│   │   │   ├── parse.js
│   │   │   ├── propmangle.js
│   │   │   ├── scope.js
│   │   │   ├── sourcemap.js
│   │   │   ├── transform.js
│   │   │   └── utils.js
│   │   ├── package.json
│   │   └── tools
│   │       ├── domprops.html
│   │       ├── domprops.json
│   │       ├── exports.js
│   │       ├── node.js
│   │       └── tty.js
│   ├── undici-types
│   │   ├── LICENSE
│   │   ├── README.md
│   │   ├── agent.d.ts
│   │   ├── api.d.ts
│   │   ├── balanced-pool.d.ts
│   │   ├── cache-interceptor.d.ts
│   │   ├── cache.d.ts
│   │   ├── client-stats.d.ts
│   │   ├── client.d.ts
│   │   ├── connector.d.ts
│   │   ├── content-type.d.ts
│   │   ├── cookies.d.ts
│   │   ├── diagnostics-channel.d.ts
│   │   ├── dispatcher.d.ts
│   │   ├── env-http-proxy-agent.d.ts
│   │   ├── errors.d.ts
│   │   ├── eventsource.d.ts
│   │   ├── fetch.d.ts
│   │   ├── formdata.d.ts
│   │   ├── global-dispatcher.d.ts
│   │   ├── global-origin.d.ts
│   │   ├── h2c-client.d.ts
│   │   ├── handlers.d.ts
│   │   ├── header.d.ts
│   │   ├── index.d.ts
│   │   ├── interceptors.d.ts
│   │   ├── mock-agent.d.ts
│   │   ├── mock-call-history.d.ts
│   │   ├── mock-client.d.ts
│   │   ├── mock-errors.d.ts
│   │   ├── mock-interceptor.d.ts
│   │   ├── mock-pool.d.ts
│   │   ├── package.json
│   │   ├── patch.d.ts
│   │   ├── pool-stats.d.ts
│   │   ├── pool.d.ts
│   │   ├── proxy-agent.d.ts
│   │   ├── readable.d.ts
│   │   ├── retry-agent.d.ts
│   │   ├── retry-handler.d.ts
│   │   ├── round-robin-pool.d.ts
│   │   ├── snapshot-agent.d.ts
│   │   ├── util.d.ts
│   │   ├── utility.d.ts
│   │   ├── webidl.d.ts
│   │   └── websocket.d.ts
│   ├── unrs-resolver
│   │   ├── README.md
│   │   ├── browser.js
│   │   ├── index.d.ts
│   │   ├── index.js
│   │   └── package.json
│   ├── update-browserslist-db
│   │   ├── LICENSE
│   │   ├── README.md
│   │   ├── check-npm-version.js
│   │   ├── cli.js
│   │   ├── index.d.ts
│   │   ├── index.js
│   │   ├── package.json
│   │   └── utils.js
│   ├── v8-to-istanbul
│   │   ├── CHANGELOG.md
│   │   ├── LICENSE.txt
│   │   ├── README.md
│   │   ├── index.d.ts
│   │   ├── index.js
│   │   ├── lib
│   │   │   ├── branch.js
│   │   │   ├── function.js
│   │   │   ├── line.js
│   │   │   ├── range.js
│   │   │   ├── source.js
│   │   │   └── v8-to-istanbul.js
│   │   └── package.json
│   ├── walker
│   │   ├── LICENSE
│   │   ├── lib
│   │   │   └── walker.js
│   │   ├── package.json
│   │   └── readme.md
│   ├── which
│   │   ├── CHANGELOG.md
│   │   ├── LICENSE
│   │   ├── README.md
│   │   ├── bin
│   │   │   └── node-which
│   │   ├── package.json
│   │   └── which.js
│   ├── wordwrap
│   │   ├── LICENSE
│   │   ├── README.markdown
│   │   ├── example
│   │   │   ├── center.js
│   │   │   └── meat.js
│   │   ├── index.js
│   │   ├── package.json
│   │   └── test
│   │       ├── break.js
│   │       ├── idleness.txt
│   │       └── wrap.js
│   ├── wrap-ansi
│   │   ├── index.d.ts
│   │   ├── index.js
│   │   ├── license
│   │   ├── node_modules
│   │   │   └── ansi-styles
│   │   │       ├── index.d.ts
│   │   │       ├── index.js
│   │   │       ├── license
│   │   │       ├── package.json
│   │   │       └── readme.md
│   │   ├── package.json
│   │   └── readme.md
│   ├── wrap-ansi-cjs
│   │   ├── index.js
│   │   ├── license
│   │   ├── node_modules
│   │   │   ├── ansi-regex
│   │   │   │   ├── index.d.ts
│   │   │   │   ├── index.js
│   │   │   │   ├── license
│   │   │   │   ├── package.json
│   │   │   │   └── readme.md
│   │   │   ├── emoji-regex
│   │   │   │   ├── LICENSE-MIT.txt
│   │   │   │   ├── README.md
│   │   │   │   ├── es2015
│   │   │   │   │   ├── index.js
│   │   │   │   │   └── text.js
│   │   │   │   ├── index.d.ts
│   │   │   │   ├── index.js
│   │   │   │   ├── package.json
│   │   │   │   └── text.js
│   │   │   ├── string-width
│   │   │   │   ├── index.d.ts
│   │   │   │   ├── index.js
│   │   │   │   ├── license
│   │   │   │   ├── package.json
│   │   │   │   └── readme.md
│   │   │   └── strip-ansi
│   │   │       ├── index.d.ts
│   │   │       ├── index.js
│   │   │       ├── license
│   │   │       ├── package.json
│   │   │       └── readme.md
│   │   ├── package.json
│   │   └── readme.md
│   ├── wrappy
│   │   ├── LICENSE
│   │   ├── README.md
│   │   ├── package.json
│   │   └── wrappy.js
│   ├── write-file-atomic
│   │   ├── LICENSE.md
│   │   ├── README.md
│   │   ├── lib
│   │   │   └── index.js
│   │   └── package.json
│   ├── y18n
│   │   ├── CHANGELOG.md
│   │   ├── LICENSE
│   │   ├── README.md
│   │   ├── build
│   │   │   ├── index.cjs
│   │   │   └── lib
│   │   │       ├── cjs.js
│   │   │       ├── index.js
│   │   │       └── platform-shims
│   │   │           └── node.js
│   │   ├── index.mjs
│   │   └── package.json
│   ├── yallist
│   │   ├── LICENSE
│   │   ├── README.md
│   │   ├── iterator.js
│   │   ├── package.json
│   │   └── yallist.js
│   ├── yargs
│   │   ├── LICENSE
│   │   ├── README.md
│   │   ├── browser.d.ts
│   │   ├── browser.mjs
│   │   ├── build
│   │   │   ├── index.cjs
│   │   │   └── lib
│   │   │       ├── argsert.js
│   │   │       ├── command.js
│   │   │       ├── completion-templates.js
│   │   │       ├── completion.js
│   │   │       ├── middleware.js
│   │   │       ├── parse-command.js
│   │   │       ├── typings
│   │   │       │   ├── common-types.js
│   │   │       │   └── yargs-parser-types.js
│   │   │       ├── usage.js
│   │   │       ├── utils
│   │   │       │   ├── apply-extends.js
│   │   │       │   ├── is-promise.js
│   │   │       │   ├── levenshtein.js
│   │   │       │   ├── maybe-async-result.js
│   │   │       │   ├── obj-filter.js
│   │   │       │   ├── process-argv.js
│   │   │       │   ├── set-blocking.js
│   │   │       │   └── which-module.js
│   │   │       ├── validation.js
│   │   │       ├── yargs-factory.js
│   │   │       └── yerror.js
│   │   ├── helpers
│   │   │   ├── helpers.mjs
│   │   │   ├── index.js
│   │   │   └── package.json
│   │   ├── index.cjs
│   │   ├── index.mjs
│   │   ├── lib
│   │   │   └── platform-shims
│   │   │       ├── browser.mjs
│   │   │       └── esm.mjs
│   │   ├── locales
│   │   │   ├── be.json
│   │   │   ├── cs.json
│   │   │   ├── de.json
│   │   │   ├── en.json
│   │   │   ├── es.json
│   │   │   ├── fi.json
│   │   │   ├── fr.json
│   │   │   ├── hi.json
│   │   │   ├── hu.json
│   │   │   ├── id.json
│   │   │   ├── it.json
│   │   │   ├── ja.json
│   │   │   ├── ko.json
│   │   │   ├── nb.json
│   │   │   ├── nl.json
│   │   │   ├── nn.json
│   │   │   ├── pirate.json
│   │   │   ├── pl.json
│   │   │   ├── pt.json
│   │   │   ├── pt_BR.json
│   │   │   ├── ru.json
│   │   │   ├── th.json
│   │   │   ├── tr.json
│   │   │   ├── uk_UA.json
│   │   │   ├── uz.json
│   │   │   ├── zh_CN.json
│   │   │   └── zh_TW.json
│   │   ├── node_modules
│   │   │   ├── ansi-regex
│   │   │   │   ├── index.d.ts
│   │   │   │   ├── index.js
│   │   │   │   ├── license
│   │   │   │   ├── package.json
│   │   │   │   └── readme.md
│   │   │   ├── emoji-regex
│   │   │   │   ├── LICENSE-MIT.txt
│   │   │   │   ├── README.md
│   │   │   │   ├── es2015
│   │   │   │   │   ├── index.js
│   │   │   │   │   └── text.js
│   │   │   │   ├── index.d.ts
│   │   │   │   ├── index.js
│   │   │   │   ├── package.json
│   │   │   │   └── text.js
│   │   │   ├── string-width
│   │   │   │   ├── index.d.ts
│   │   │   │   ├── index.js
│   │   │   │   ├── license
│   │   │   │   ├── package.json
│   │   │   │   └── readme.md
│   │   │   └── strip-ansi
│   │   │       ├── index.d.ts
│   │   │       ├── index.js
│   │   │       ├── license
│   │   │       ├── package.json
│   │   │       └── readme.md
│   │   ├── package.json
│   │   ├── yargs
│   │   └── yargs.mjs
│   ├── yargs-parser
│   │   ├── CHANGELOG.md
│   │   ├── LICENSE.txt
│   │   ├── README.md
│   │   ├── browser.js
│   │   ├── build
│   │   │   ├── index.cjs
│   │   │   └── lib
│   │   │       ├── index.js
│   │   │       ├── string-utils.js
│   │   │       ├── tokenize-arg-string.js
│   │   │       ├── yargs-parser-types.js
│   │   │       └── yargs-parser.js
│   │   └── package.json
│   └── yocto-queue
│       ├── index.d.ts
│       ├── index.js
│       ├── license
│       ├── package.json
│       └── readme.md
├── package-lock.json
├── package.json
├── src
│   ├── crypto
│   │   └── jwt.ts
│   ├── engine
│   │   └── detectionEngine.ts
│   ├── events
│   │   └── eventBus.ts
│   ├── rules
│   │   └── basicRules.ts
│   ├── scanners
│   │   └── urlScanner.ts
│   └── utils
│       └── logger.ts
├── test-results.log
├── tests
│   ├── corpus
│   │   └── largeCorpus.test.ts
│   ├── engine.test.ts
│   └── output.txt
├── tree.log
└── tsconfig.json

1016 directories, 6049 files
